-- phpMyAdmin SQL Dump
-- version 5.0.3
-- https://www.phpmyadmin.net/
--
-- Host: 127.0.0.1
-- Waktu pembuatan: 21 Mar 2021 pada 13.21
-- Versi server: 10.4.14-MariaDB
-- Versi PHP: 7.4.11

SET SQL_MODE = "NO_AUTO_VALUE_ON_ZERO";
START TRANSACTION;
SET time_zone = "+00:00";


/*!40101 SET @OLD_CHARACTER_SET_CLIENT=@@CHARACTER_SET_CLIENT */;
/*!40101 SET @OLD_CHARACTER_SET_RESULTS=@@CHARACTER_SET_RESULTS */;
/*!40101 SET @OLD_COLLATION_CONNECTION=@@COLLATION_CONNECTION */;
/*!40101 SET NAMES utf8mb4 */;

--
-- Database: `part1`
--

-- --------------------------------------------------------

--
-- Struktur dari tabel `forcasting`
--

CREATE TABLE `forcasting` (
  `id` int(11) NOT NULL,
  `bulan` date NOT NULL,
  `qty` int(11) NOT NULL,
  `forcasting` float NOT NULL,
  `kode_part` varchar(100) NOT NULL
) ENGINE=InnoDB DEFAULT CHARSET=utf8mb4;

--
-- Dumping data untuk tabel `forcasting`
--

INSERT INTO `forcasting` (`id`, `bulan`, `qty`, `forcasting`, `kode_part`) VALUES
(1, '2020-09-01', 46, 0, '08880-83576'),
(2, '2020-10-01', 39, 0, '08880-83576'),
(3, '2020-09-01', 28, 0, '15601-BZ030'),
(4, '2020-10-01', 15, 0, '15601-BZ030'),
(5, '2020-09-01', 59, 0, '90430-GASKET'),
(6, '2020-10-01', 53, 0, '90430-GASKET'),
(7, '2020-09-01', 30, 0, '01088-BRAKE'),
(8, '2020-10-01', 35, 0, '01088-BRAKE'),
(9, '2020-09-01', 26, 0, '01088-FLUSH'),
(10, '2020-10-01', 14, 0, '01088-FLUSH'),
(11, '2020-09-01', 8, 0, '04465-BZ170'),
(12, '2020-10-01', 9, 0, '04465-BZ170'),
(13, '2020-09-01', 21, 0, '5210'),
(14, '2020-10-01', 20, 0, '5210'),
(15, '2020-09-01', 16, 0, '02088-INJCT'),
(16, '2020-10-01', 9, 0, '02088-INJCT'),
(17, '2020-09-01', 18, 0, '01088-CABIN'),
(18, '2020-10-01', 18, 0, '01088-CABIN'),
(19, '2020-09-01', 14, 0, '08885-80929'),
(20, '2020-10-01', 17, 0, '08885-80929'),
(21, '2020-09-01', 20, 0, '08885-80930'),
(22, '2020-10-01', 24, 0, '08885-80930'),
(23, '2020-09-01', 8, 0, '90430-GEAR-A'),
(24, '2020-10-01', 10, 0, '90430-GEAR-A'),
(25, '2020-09-01', 22, 0, '12157-10010'),
(26, '2020-10-01', 24, 0, '12157-10010'),
(27, '2020-09-01', 8, 0, '08823-80011'),
(28, '2020-10-01', 16, 0, '08823-80011'),
(29, '2020-09-01', 17, 0, '90915-YZZD2-82'),
(30, '2020-10-01', 17, 0, '90915-YZZD2-82'),
(31, '2020-09-01', 26, 0, '08880-83575'),
(32, '2020-10-01', 19, 0, '08880-83575'),
(33, '2020-09-01', 1, 0, '08886-80705'),
(34, '2020-10-01', 2, 0, '08886-80705'),
(35, '2020-09-02', 7, 0, '99132-21230-76'),
(36, '2020-10-02', 5, 0, '99132-21230-76'),
(37, '2020-09-02', 16, 0, '08880-83352'),
(38, '2020-10-02', 18, 0, '08880-83352'),
(39, '2020-09-02', 12, 0, '08880-83351'),
(40, '2020-10-02', 23, 0, '08880-83351'),
(41, '2020-09-02', 8, 0, '01088-INJDIS'),
(42, '2020-10-02', 7, 0, '01088-INJDIS'),
(43, '2020-09-02', 7, 0, '08808-80060'),
(44, '2020-10-02', 11, 0, '08808-80060'),
(45, '2020-09-03', 9, 0, '15601-YZZT1'),
(46, '2020-10-03', 15, 0, '15601-YZZT1'),
(47, '2020-09-03', 7, 0, '90915-YZZE1-82'),
(48, '2020-10-03', 4, 0, '90915-YZZE1-82'),
(49, '2020-09-03', 7, 0, '01088-INJCT'),
(50, '2020-10-03', 11, 0, '01088-INJCT'),
(51, '2020-09-03', 3, 0, '04465-0K100'),
(52, '2020-10-03', 3, 0, '04465-0K100'),
(53, '2020-09-04', 5, 0, '23390-0L070-82'),
(54, '2020-10-04', 2, 0, '23390-0L070-82'),
(55, '2020-09-05', 1, 0, '28800-YZZWQ'),
(56, '2020-10-05', 0, 0.333333, '28800-YZZWQ'),
(57, '2020-09-05', 2, 0, '04465-0K431'),
(58, '2020-10-05', 2, 0, '04465-0K431'),
(59, '2020-09-06', 11, 0, '08885-81300'),
(60, '2020-10-06', 6, 0, '08885-81300'),
(61, '2020-09-06', 7, 0, '08885-81310'),
(62, '2020-10-06', 0, 2.33333, '08885-81310'),
(63, '2020-09-06', 10, 0, '90430-GEAR-B'),
(64, '2020-10-06', 6, 0, '90430-GEAR-B'),
(65, '2020-09-06', 1, 0, '17801-BZ150'),
(66, '2020-10-06', 0, 0.333333, '17801-BZ150'),
(67, '2020-09-06', 2, 0, '17801-BZ050'),
(68, '2020-10-06', 3, 0, '17801-BZ050'),
(69, '2020-09-06', 3, 0, '88568-BZ050'),
(70, '2020-10-06', 0, 1, '88568-BZ050'),
(71, '2020-09-07', 3, 0, '85212-BZ210'),
(72, '2020-10-07', 4, 0, '85212-BZ210'),
(73, '2020-09-07', 3, 0, '85222-BZ220'),
(74, '2020-10-07', 4, 0, '85222-BZ220'),
(75, '2020-09-09', 6, 0, '08886-81813'),
(76, '2020-10-09', 2, 0, '08886-81813'),
(77, '2020-09-09', 1, 0, '90049-51130'),
(78, '2020-10-09', 2, 0, '90049-51130'),
(79, '2020-09-09', 20, 0, '9004A-91032'),
(80, '2020-10-09', 32, 0, '9004A-91032'),
(81, '2020-09-10', 2, 0, '23390-YZZA1-82'),
(82, '2020-10-10', 6, 0, '23390-YZZA1-82'),
(83, '2020-09-10', 9, 0, '9004A-91065'),
(84, '2020-10-10', 6, 0, '9004A-91065'),
(85, '2020-09-10', 12, 0, '90919-T1002'),
(86, '2020-10-10', 8, 0, '90919-T1002'),
(87, '2020-09-12', 2, 0, '31210-BZ021'),
(88, '2020-10-12', 1, 0, '31210-BZ021'),
(89, '2020-09-12', 2, 0, '31230-BZ060'),
(90, '2020-10-12', 1, 0, '31230-BZ060'),
(91, '2020-09-12', 2, 0, '31250-BZ130'),
(92, '2020-10-12', 1, 0, '31250-BZ130'),
(93, '2020-09-14', 1, 0, '04495-BZ111'),
(94, '2020-10-14', 0, 0.333333, '04495-BZ111'),
(95, '2020-09-14', 1, 0, '88568-BZ040'),
(96, '2020-10-14', 0, 0.333333, '88568-BZ040'),
(97, '2020-09-16', 4, 0, '90919-T1004'),
(98, '2020-10-16', 8, 0, '90919-T1004'),
(99, '2020-09-22', 1, 0, '11213-21011'),
(100, '2020-10-22', 0, 0.333333, '11213-21011'),
(101, '2020-09-23', 1, 0, '87139-06080-82'),
(102, '2020-10-23', 0, 0.333333, '87139-06080-82'),
(103, '2020-09-23', 1, 0, '16401-72090'),
(104, '2020-10-23', 0, 0.333333, '16401-72090'),
(105, '2020-11-01', 16, 11.3333, '08880-83352'),
(106, '2020-11-01', 18, 11.3333, '90915-YZZD2-82'),
(107, '2020-11-01', 53, 37.3333, '90430-GASKET'),
(108, '2020-11-01', 6, 5, '01088-INJDIS'),
(109, '2020-11-01', 36, 21.6667, '01088-BRAKE'),
(110, '2020-11-01', 23, 12, '01088-CABIN'),
(111, '2020-11-01', 3, 1.33333, '04465-0K431'),
(112, '2020-11-01', 9, 5.66667, '08885-81300'),
(113, '2020-11-01', 28, 15.3333, '12157-10010'),
(114, '2020-11-01', 21, 13.3333, '01088-FLUSH'),
(115, '2020-11-01', 25, 13.6667, '5210'),
(116, '2020-11-01', 21, 15, '08880-83575'),
(117, '2020-11-01', 43, 28.3333, '08880-83576'),
(118, '2020-11-01', 14, 8.33333, '02088-INJCT'),
(119, '2020-11-01', 15, 6, '08808-80060'),
(120, '2020-11-02', 12, 8, '15601-YZZT1'),
(121, '2020-11-02', 8, 17.3333, '9004A-91032'),
(122, '2020-11-02', 5, 6, '01088-INJCT'),
(123, '2020-11-02', 23, 10.3333, '08885-80929'),
(124, '2020-11-02', 31, 14.6667, '08885-80930'),
(125, '2020-11-02', 18, 6, '90430-GEAR-A'),
(126, '2020-11-02', 0, 1, '08886-80705'),
(127, '2020-11-02', 3, 2.66667, '23390-YZZA1-82'),
(128, '2020-11-02', 4, 8, '08823-80011'),
(129, '2020-11-03', 8, 5.66667, '04465-BZ170'),
(130, '2020-11-03', 17, 14.3333, '15601-BZ030'),
(131, '2020-11-03', 6, 2.33333, '85212-BZ210'),
(132, '2020-11-03', 6, 2.33333, '85222-BZ220'),
(133, '2020-11-05', 4, 2, '04465-0K100'),
(134, '2020-11-05', 4, 0, '90919-T1004'),
(135, '2020-11-05', 4, 4, '99132-21230-76'),
(136, '2020-11-05', 8, 5.33333, '90430-GEAR-B'),
(137, '2020-11-05', 3, 0, '9004A-91065'),
(138, '2020-11-05', 12, 11.6667, '08880-83351'),
(139, '2020-10-06', 4, 0, '9004A-91016'),
(140, '2020-11-06', 0, 1.33333, '9004A-91016'),
(141, '2020-11-06', 3, 3.66667, '90915-YZZE1-82'),
(142, '2020-10-06', 1, 0, '08886-81440'),
(143, '2020-11-06', 0, 0.333333, '08886-81440'),
(144, '2020-11-06', 4, 0, '90919-T1002'),
(145, '2020-11-06', 9, 2.66667, '08886-81813'),
(146, '2020-10-07', 2, 0, '08889-80090'),
(147, '2020-11-07', 0, 0.666667, '08889-80090'),
(148, '2020-10-07', 2, 0, '08889-80100'),
(149, '2020-11-07', 2, 0, '08889-80100'),
(150, '2020-10-13', 2, 0, '90915-YZZZ1'),
(151, '2020-11-13', 2, 0, '90915-YZZZ1'),
(152, '2020-11-19', 1, 1.66667, '17801-BZ050'),
(153, '2020-11-19', 1, 0, '23390-0L070-82'),
(154, '2020-10-24', 1, 0, '04465-YZZS1'),
(155, '2020-11-24', 0, 0.333333, '04465-YZZS1'),
(156, '2020-11-26', 4, 1, '31250-BZ130'),
(157, '2020-11-26', 4, 1, '31210-BZ021'),
(158, '2020-11-26', 4, 1, '31230-BZ060'),
(159, '2020-11-27', 3, 1, '90049-51130'),
(160, '2020-12-01', 3, 2, '17801-BZ050'),
(161, '2020-12-01', 52, 30, '08880-83576'),
(162, '2020-12-01', 28, 20, '15601-BZ030'),
(163, '2020-12-01', 79, 55, '90430-GASKET'),
(164, '2020-12-02', 20, 18, '08885-80929'),
(165, '2020-12-02', 33, 25, '08885-80930'),
(166, '2020-12-02', 32, 24.6667, '12157-10010'),
(167, '2020-12-02', 16, 12, '90430-GEAR-A'),
(168, '2020-12-02', 14, 13, '02088-INJCT'),
(169, '2020-12-02', 42, 33.6667, '01088-BRAKE'),
(170, '2020-12-02', 26, 20.3333, '01088-FLUSH'),
(171, '2020-12-02', 31, 22, '5210'),
(172, '2020-12-02', 33, 22, '08880-83575'),
(173, '2020-12-03', 14, 12, '15601-YZZT1'),
(174, '2020-12-03', 25, 16.6667, '08880-83352'),
(175, '2020-12-03', 26, 14, '90915-YZZD2-82'),
(176, '2020-12-03', 30, 19.6667, '01088-CABIN'),
(177, '2020-12-03', 13, 7, '01088-INJDIS'),
(178, '2020-12-03', 18, 8.66667, '08885-81300'),
(179, '2020-12-03', 4, 2.66667, '23390-0L070-82'),
(180, '2020-12-04', 8, 7.66667, '01088-INJCT'),
(181, '2020-12-04', 11, 8.33333, '04465-BZ170'),
(182, '2020-12-04', 2, 1.33333, '90915-YZZZ1'),
(183, '2020-12-04', 29, 12.3333, '08808-80060'),
(184, '2020-12-05', 3, 2.33333, '31210-BZ021'),
(185, '2020-12-05', 3, 2.33333, '31230-BZ060'),
(186, '2020-12-05', 3, 2.33333, '31250-BZ130'),
(187, '2020-12-05', 28, 20, '9004A-91032'),
(188, '2020-11-05', 2, 0, '04495-BZ011'),
(189, '2020-12-05', 1, 0, '04495-BZ011'),
(190, '2020-12-07', 3, 2.33333, '04465-0K431'),
(191, '2020-12-09', 23, 15.6667, '08880-83351'),
(192, '2020-11-09', 1, 0, '27415-0L030'),
(193, '2020-12-09', 0, 0.333333, '27415-0L030'),
(194, '2020-12-09', 6, 6, '9004A-91065'),
(195, '2020-12-09', 3, 5.66667, '08886-81813'),
(196, '2020-12-09', 16, 5.33333, '90919-T1004'),
(197, '2020-12-09', 10, 3.33333, '04465-0K100'),
(198, '2020-11-09', 1, 0, '88568-BZ040'),
(199, '2020-12-09', 3, 0.666667, '88568-BZ040'),
(200, '2020-12-11', 1, 2, '90049-51130'),
(201, '2020-12-11', 5, 3.66667, '23390-YZZA1-82'),
(202, '2020-12-12', 6, 8, '90430-GEAR-B'),
(203, '2020-11-12', 1, 0, '04491-BZ030'),
(204, '2020-12-12', 0, 0.333333, '04491-BZ030'),
(205, '2020-12-13', 11, 5.33333, '99132-21230-76'),
(206, '2020-12-17', 11, 4.33333, '85212-BZ210'),
(207, '2020-12-17', 11, 4.33333, '85222-BZ220'),
(208, '2020-11-18', 1, 0, '08880-83574'),
(209, '2020-12-18', 4, 0, '08880-83574'),
(210, '2020-12-18', 9, 4, '90915-YZZE1-82'),
(211, '2020-12-18', 8, 8, '90919-T1002'),
(212, '2020-12-20', 4, 1.33333, '08889-80100'),
(213, '2020-11-21', 1, 0, '08886-81620'),
(214, '2020-12-21', 1, 0, '08886-81620'),
(215, '2020-12-23', 20, 9.33333, '08823-80011'),
(216, '2020-11-27', 4, 2.33333, '08885-81310'),
(217, '2020-12-27', 2, 3.66667, '08885-81310'),
(218, '2021-01-01', 0, 30.3333, '08880-83576'),
(219, '2021-01-01', 0, 13.6667, '15601-YZZT1'),
(220, '2021-01-01', 0, 44, '90430-GASKET'),
(221, '2021-01-01', 0, 20.3333, '01088-FLUSH'),
(222, '2021-01-01', 0, 37.6667, '01088-BRAKE'),
(223, '2021-01-01', 0, 8, '01088-INJCT'),
(224, '2021-01-01', 0, 9.33333, '04465-BZ170'),
(225, '2021-01-01', 0, 13.3333, '08808-80060'),
(226, '2021-01-01', 0, 25.3333, '5210'),
(227, '2021-01-01', 0, 7, '85212-BZ210'),
(228, '2021-01-01', 0, 7, '85222-BZ220'),
(229, '2021-01-01', 0, 19.6667, '08880-83352'),
(230, '2021-01-01', 0, 14.3333, '90915-YZZD2-82'),
(231, '2021-01-01', 0, 11, '08885-81300'),
(232, '2021-01-01', 0, 28, '12157-10010'),
(233, '2021-01-01', 0, 23.6667, '01088-CABIN'),
(234, '2021-01-01', 0, 8.66667, '01088-INJDIS'),
(235, '2021-01-02', 0, 20, '08885-80929'),
(236, '2021-01-02', 0, 29.3333, '08885-80930'),
(237, '2021-01-02', 0, 20, '15601-BZ030'),
(238, '2021-01-02', 0, 14.6667, '90430-GEAR-A'),
(239, '2021-01-02', 0, 12.3333, '02088-INJCT'),
(240, '2021-01-02', 0, 19.3333, '08880-83351'),
(241, '2021-01-02', 0, 6.66667, '90430-GEAR-B'),
(242, '2021-01-02', 0, 13.3333, '08823-80011'),
(243, '2021-01-02', 0, 22.6667, '9004A-91032'),
(244, '2021-01-02', 0, 1.33333, '88568-BZ040'),
(245, '2021-01-04', 0, 2.33333, '23390-0L070-82'),
(246, '2021-01-04', 0, 24.3333, '08880-83575'),
(247, '2021-01-04', 0, 5.66667, '04465-0K100'),
(248, '2020-12-05', 4, 0, '9004A-91016'),
(249, '2021-01-05', 0, 2.66667, '9004A-91016'),
(250, '2021-01-07', 0, 4.66667, '08886-81813'),
(251, '2021-01-08', 0, 1.66667, '08880-83574'),
(252, '2021-01-08', 0, 4.33333, '90915-YZZE1-82'),
(253, '2021-01-08', 0, 2, '90915-YZZZ1'),
(254, '2020-12-09', 3, 1, '88568-BZ050'),
(255, '2021-01-09', 0, 1, '88568-BZ050'),
(256, '2021-01-09', 0, 2.33333, '17801-BZ050'),
(257, '2021-01-10', 0, 6.66667, '99132-21230-76'),
(258, '2020-12-10', 6, 0, '99132-12050'),
(259, '2021-01-10', 0, 2, '99132-12050'),
(260, '2021-01-10', 0, 2.66667, '04465-0K431'),
(261, '2021-01-10', 0, 2, '08885-81310'),
(262, '2021-01-11', 0, 9.33333, '90919-T1004'),
(263, '2021-01-11', 0, 6.66667, '90919-T1002'),
(264, '2020-12-11', 2, 0.333333, '87139-06080-82'),
(265, '2021-01-11', 0, 0.666667, '87139-06080-82'),
(266, '2020-12-11', 2, 0, '08880-83609'),
(267, '2021-01-11', 0, 0.666667, '08880-83609'),
(268, '2021-01-11', 0, 0.666667, '08886-81620'),
(269, '2020-12-12', 1, 0, '85220-YZZD4'),
(270, '2021-01-12', 0, 0.333333, '85220-YZZD4'),
(271, '2020-12-12', 1, 0, '85222-BZ010'),
(272, '2021-01-12', 0, 0.333333, '85222-BZ010'),
(273, '2020-12-12', 2, 1, '08886-80705'),
(274, '2021-01-12', 0, 1.33333, '08886-80705'),
(275, '2020-12-12', 3, 0, '17801-YZZA1'),
(276, '2021-01-12', 0, 1, '17801-YZZA1'),
(277, '2021-01-12', 0, 4.66667, '23390-YZZA1-82'),
(278, '2020-12-14', 4, 0, '08880-83573'),
(279, '2021-01-14', 0, 1.33333, '08880-83573'),
(280, '2020-12-14', 1, 0, '04152-YZZA1-82'),
(281, '2021-01-14', 0, 0.333333, '04152-YZZA1-82'),
(282, '2021-01-14', 0, 2.66667, '31210-BZ021'),
(283, '2021-01-14', 0, 2.66667, '31230-BZ060'),
(284, '2021-01-14', 0, 2.66667, '31250-BZ130'),
(285, '2020-12-16', 2, 0.333333, '17801-BZ150'),
(286, '2021-01-16', 0, 0.666667, '17801-BZ150'),
(287, '2021-01-17', 0, 5, '9004A-91065'),
(288, '2020-12-21', 3, 0.666667, '08889-80090'),
(289, '2021-01-21', 0, 1.66667, '08889-80090'),
(290, '2021-01-21', 0, 2.66667, '08889-80100'),
(291, '2021-01-23', 0, 2, '90049-51130'),
(292, '2021-01-30', 0, 1, '04495-BZ011'),
(293, '2020-12-31', 1, 0, '04465-YZZS1'),
(294, '2021-01-31', 0, 0.666667, '04465-YZZS1');

-- --------------------------------------------------------

--
-- Struktur dari tabel `karyawan`
--

CREATE TABLE `karyawan` (
  `kode_karyawan` int(11) NOT NULL,
  `nama_karyawan` varchar(45) DEFAULT NULL,
  `email` varchar(45) DEFAULT NULL,
  `alamat` varchar(45) DEFAULT NULL,
  `no_tlp` varchar(45) DEFAULT NULL,
  `status` enum('KABENG','OUTLET','SPAREPART') DEFAULT NULL,
  `username` varchar(45) DEFAULT NULL,
  `password` varchar(45) DEFAULT NULL
) ENGINE=InnoDB DEFAULT CHARSET=utf8mb4;

--
-- Dumping data untuk tabel `karyawan`
--

INSERT INTO `karyawan` (`kode_karyawan`, `nama_karyawan`, `email`, `alamat`, `no_tlp`, `status`, `username`, `password`) VALUES
(1, 'Tulky1', 'anwartm96@gmail.com1', 'borobudur1', '0856015567', 'SPAREPART', 'tulky', 'tulky'),
(4, 'Lukman', 'lukman@gmail.com', 'Jl. Mutiara Aek Galoga', '1234567', 'OUTLET', 'lukman', 'lukman'),
(5, 'kabeng', 'kabeng@gmail.com', 'magelang', '1234567', 'KABENG', 'kabeng', 'kabeng');

-- --------------------------------------------------------

--
-- Struktur dari tabel `part`
--

CREATE TABLE `part` (
  `kode_part` varchar(15) NOT NULL,
  `nama_part` varchar(45) DEFAULT NULL,
  `satuan` varchar(45) DEFAULT NULL,
  `harga` int(11) DEFAULT NULL,
  `qty` int(11) DEFAULT NULL,
  `harga_beli` int(11) DEFAULT NULL
) ENGINE=InnoDB DEFAULT CHARSET=utf8mb4;

--
-- Dumping data untuk tabel `part`
--

INSERT INTO `part` (`kode_part`, `nama_part`, `satuan`, `harga`, `qty`, `harga_beli`) VALUES
('01088-BRAKE', 'BRAKE CLEANER', 'PCS', 71500, 98, 55000),
('01088-CABIN', 'CABIN CLEANER', 'PCS', 80000, 64, 55000),
('01088-FLUSH', 'ENGINE FLUSH', 'PCS', 95000, 45, 55000),
('01088-INJCT', 'INJECTOR CLEANER FOAM', 'PCS', 85000, 43, 55000),
('01088-INJDIS', 'INJECTOR DISEL LIQUID', 'PCS', 88000, 107, 55000),
('02088-INJCT', 'INJECTOR LIQUID', 'PCS', 91000, 19, 55000),
('04152-YZZA1-82', 'OF CARTRIDGE', 'PCS', 245000, 5, 195000),
('04465-0K100', 'BRAKEPAD INNOVA TGN/KUN', 'PCS', 1080000, 21, 918000),
('04465-0K430', 'BRAKE PAD INNOVA REBORN V1', 'PCS', 1400000, 30, 986000),
('04465-0K431', 'BRAKEPAD INNOVA REBORN', 'PCS', 1400000, 27, 119000),
('04465-BZ170', 'BRAKE PAD AVANZA', 'PCS', 455000, 25, 373100),
('04465-YZZS1', 'BRAKEPAD YARIS', 'PCS', 860000, 3, 731000),
('04491-BZ030', 'BRAKEPAD B401', 'PCS', 500000, 15, 425000),
('04495-BZ011', 'BRAKE SHOE AVANZA', 'PCS', 330000, 8, 280500),
('04495-BZ111', 'BRAKE SHOE AGYA', 'PCS', 180000, 8, 153000),
('04495-BZ180', 'BRAKE SHOE', 'PCS', 180000, 0, 153000),
('08808-80060', 'WIPER FLUID', 'PCS', 37500, 46, 31875),
('08823-80011', 'BRAKE FLUID', 'PCS', 51500, 61, 43775),
('08880-83351', 'TMO SYN 15-40 DIESEL 1LT', 'PCS', 98000, 97, 83300),
('08880-83352', 'TMO SYN 15-40 DIESEL 4LT', 'GALON', 396000, 41, 336600),
('08880-83573', 'TMO FULL 5W (GREEN)', 'PCS', 112000, 96, 160000),
('08880-83574', 'OLI FULL SYNT 5W', 'PCS', 640000, 16, 544000),
('08880-83575', 'TMO Gasoline Oil 10-30W', 'PCS', 92000, 115, 782000),
('08880-83576', 'TMO Gasoline 10-30 Galon', 'GALON', 376000, 68, 319600),
('08880-83608', 'TMO FULL OW (GOLD) Liter', 'LITER', 1540000, 6, 180000),
('08880-83609', 'TMO FULL SYNT 0W (GOLD)', 'PCS', 6120000, 13, 740000),
('08885-80929', 'OLI TRANSMISI', 'PCS', 70000, 57, 319600),
('08885-80930', 'OLI GARDAN', 'PCS', 75000, 52, 63750),
('08885-81300', 'TGGO LF-75', 'PCS', 105000, 36, 89250),
('08885-81310', 'TGGO LV-75', 'PCS', 95000, 54, 8075),
('08886-80705', 'ATF T IV', 'GALON', 374000, 8, 317900),
('08886-81440', 'ATF WS', 'PCS', 356000, 20, 302600),
('08886-81620', 'ATF CVT', 'PCS', 485000, 8, 41225),
('08886-81813', 'ATF DEX II', 'PCS', 64000, 24, 550400),
('08889-80090', 'SLLC 1 GALON', 'PCS', 135000, 17, 11475),
('08889-80100', 'SLLC 1 LITER', 'PCS', 45000, 44, 3825),
('11213-21011', 'SEAL COVER CYL HEAD', 'PCS', 140000, 3, 119000),
('12157-10010', 'GASKET OLI GARDAN', 'PCS', 7000, 54, 5950),
('15601-BZ030', 'OF AGYA/CALYA/GRAND AVANZA', 'PCS', 27000, 42, 22950),
('15601-YZZT1', 'OF AVANZA LAMA / RUSH', 'PCS', 30000, 61, 25500),
('16401-72090', 'RADIATOR CAP', 'PCS', 85000, 2, 72250),
('17801-BZ050', 'FILTER UDARA AVANZA', 'PCS', 130000, 12, 110500),
('17801-BZ100', 'FILTER UDARA AGYA', 'PCS', 100000, 10, 85000),
('17801-BZ150', 'FU GRAND NEW AVANZA', 'PCS', 200000, 8, 170000),
('17801-YZZA1', 'FU INNOVA, FORTUNER', 'PCS', 260000, 7, 221000),
('23390-0L070-82', 'FILER SOLAR GUN', 'PCS', 600000, 26, 510000),
('23390-YZZA1-82', 'FILER SOLAR KUN', 'PCS', 300000, 23, 205000),
('27415-0L030', 'PULLEY ALTERNARTOR', 'PCS', 720000, 6, 612000),
('28800-YZZWQ', 'BATTERY ACCU LN3', 'PCS', 2450000, 2, 2082500),
('31210-BZ021', 'COVER CLUTH AVANZA 1.3', 'PCS', 475000, 14, 403750),
('31230-BZ060', 'RELEASE BEARING AVANZA/RUSH', 'PCS', 230000, 5, 1955000),
('31250-BZ130', 'DISC CLUTH AVANZA 1.3', 'PCS', 530000, 5, 450500),
('5210', 'AIR ACCU', 'PCS', 7000, 89, 5950),
('85212-BZ210', 'WIPER AVANZA RH', 'PCS', 70000, 18, 59500),
('85220-YZZD4', 'WIPPER BLADE', 'PCS', 215000, 12, 182750),
('85222-BZ010', 'WIPPER BLADE LH', 'PCS', 70000, 29, 59500),
('85222-BZ220', 'WIPER AVANZA LH', 'PCS', 38000, 15, 32300),
('87139-06080-82', 'FILTER AC INNOVA KUN/TGN', 'PCS', 225000, 13, 191250),
('87139-0K030', 'FILTER AC TGN14/16, GUN14/16', 'PCS', 155000, 10, 195000),
('88568-BZ040', 'FILTER AC AVANZA F601, F651', 'PCS', 81000, 12, 68850),
('88568-BZ050', 'FILTER AC AGYA, GRANDNEW AVZ', 'PCS', 69000, 1, 58650),
('90049-51125', 'BULB HEADLAMP ORI', 'PCS', 59000, 10, 51500),
('90049-51130', 'BULB REM V 2', 'PCS', 59000, 12, 51500),
('90049-51185', 'BULB H-16 (FOGLAMP AVZ) ORI', 'PCS', 69000, 10, 58650),
('9004A-90919', 'DRIVE BELT', 'PCS', 80000, 0, 65000),
('9004A-91016', 'BUSI AVANZA NON VVTI', 'PCS', 27000, 8, 22950),
('9004A-91032', 'BUSI AVANZA VVTI, RUSH', 'PCS', 27000, 16, 22950),
('9004A-91065', 'BUSI AGYA', 'PCS', 27000, 85, 22950),
('90430-GASKET', 'GASKET ENGINE', 'PCS', 9000, 110, 7650),
('90430-GEAR-A', 'GASKET TRANSMISI KECIL', 'PCS', 9000, 22, 7650),
('90430-GEAR-B', 'GASKET TRANSMISI BESAR', 'PCS', 9000, 40, 76500),
('90915-YZZD2-82', 'OF INNOVA / FORTUNER', 'PCS', 79000, 46, 67150),
('90915-YZZE1-82', 'OF YARIS / ALTIS', 'PCS', 76000, 36, 64600),
('90915-YZZZ1', 'OF KIJANG', 'PCS', 26000, 13, 22100),
('90919-T1002', 'BUSI YARIS', 'PCS', 15000, 22, 12750),
('90919-T1004', 'BUSI INNOVA, FORTUNER, HILUX', 'PCS', 15000, 38, 12750),
('99132-12050', 'BULB', 'PCS', 25000, 4, 20000),
('99132-21230-76', 'BULB REM', 'PCS', 28000, 8, 22000);

-- --------------------------------------------------------

--
-- Struktur dari tabel `pelanggan`
--

CREATE TABLE `pelanggan` (
  `kode_pelanggan` int(11) NOT NULL,
  `no_ktp` bigint(20) NOT NULL,
  `nama_pelanggan` varchar(45) DEFAULT NULL,
  `alamat_pelanggan` varchar(87) DEFAULT NULL,
  `no_tlp` varchar(45) DEFAULT NULL,
  `no_polisi` varchar(45) DEFAULT NULL,
  `no_rangka` varchar(45) DEFAULT NULL,
  `kode_model` varchar(20) NOT NULL,
  `tahun` varchar(5) NOT NULL,
  `model` varchar(45) NOT NULL
) ENGINE=InnoDB DEFAULT CHARSET=utf8mb4;

--
-- Dumping data untuk tabel `pelanggan`
--

INSERT INTO `pelanggan` (`kode_pelanggan`, `no_ktp`, `nama_pelanggan`, `alamat_pelanggan`, `no_tlp`, `no_polisi`, `no_rangka`, `kode_model`, `tahun`, `model`) VALUES
(1, 0, 'AFILIASI PT NASMOCO MAGELANG', 'Jalan Magelang Jogja KM 05 Mertoyudan', '0293326871', 'AA-12-GG', 'MHKM1BA', 'F651RM-GMMFJ', '2012', 'AVANZA'),
(10, 0, 'BP JOKO', 'TEMANGGUNG', '085', 'AA-8501-QE', 'MHKM1CA3J0K012531', 'F652RM-GMMFJ', '2013', 'AVANZA 1.5 G M/T'),
(11, 0, 'BP ARI', 'TEMANGGUNG', '085', 'H-1193-GA', 'MHKA6GK6JKJ056457', 'B401RA-GQZFJ', '2019', 'CALYA G A/T'),
(12, 0, 'JOKO UTOMO', 'KRANGGAN, TEMANGGUNG', '081', 'B-2769-TFV', 'MHFKT9F3766077594', 'NCP150R-CHMRKD', '2015', 'YARIS E M/T'),
(13, 0, 'RADI JANU STRIANI (IBU)', 'Jalan Gajah Mada, Temanggung', '085', 'K-141-NU', 'MHFGB86S7KO893175', 'GUN165R-SDTNHD', '2017', 'FORTUNER VRZ DISEL A'),
(14, 0, 'LAILA FITRI KASARI (IBU)', '--', '00', 'P-121-YO', 'MHFJB8EM0H1027024', 'GUN165R-SDTMHD', '2016', 'FORTUNER VRZ DIESEL '),
(15, 0, 'AZIZ  HARYANTO', '--', '00', 'AA-9247-UE', 'MHKA4DA3JGJ090646', 'B100RA-GQMFJ', '2015', 'AGYA 1.0 TRD S'),
(16, 0, 'ADI SURGADHARMA', '--', '00', 'AA-8912-BE', 'MHFXR42G3C1009993', 'KUN40R-GKPNHD', '2014', 'INNOVA V A/T DIESEL'),
(18, 0, 'PUSKESMAS KANDANGAN', 'KANDANGAN, TEMANGGUNG', '00', 'AA-9596-BE', 'MHFJW8EM6E2304255', 'TGN140R-MDMSKD', '2018', 'INNOVA GASOLINE G M/'),
(20, 0, 'IRWAN', 'KARANGANYAR KAB', '00', 'AD-8587-KT', 'MHKA6GJ6JGJ0201814', 'B401RA-GMZFJ', '2017', 'CALYA 1.2 M/T'),
(21, 0, 'PT HAIDA AGRICULTURE', 'Jl. Kraton Industri Raya No.4, Sawah, Pejangk', '00', 'L-1539-SC', 'MHKM5EB3JKK024454', 'F653RM-GQMFJ', '2017', 'GRAND NEW AVANZA G A'),
(22, 0, 'PT SENTRA ANEKA TAMA', 'Komplek Pergudangan Mutiara Kosambi 1 Blok C6', '00', 'AA-1273-YA', 'MHKA6GJ3JJJ021690', 'B401RA-GQMFJ', '2017', 'CALYA G A/T'),
(23, 0, 'HERMAN (BP)', '--', '00', 'AA-9032-ME', 'MHFM1BA3JBK366309', 'F601RM-GMMFJ', '2009', 'AVANZA 1.3 G M/T'),
(24, 0, 'MULYONO (BP)', '--', '--', 'AA-8568-YB', 'MHFMR6GK36K105692', '', '', ''),
(25, 0, 'SUPRAPTO', '--', '00', 'AA-1231-E', 'MHKA6GJ3JKJ037400', 'B401RA-GMQFJ', '2016', 'MHKA6GJ3JKJ037400'),
(26, 0, 'FUAD (BP)', '--', '00', 'T-1244-UH', 'MHKE8FA3JKK039417', 'F800RE-GMGFJ', '2018', 'RUSH 1.5 TRD'),
(124, 0, 'LUTFI FIRDAUS', '--', '00', 'B-1591-FRY', 'MHKA6GJ6JGJ004847', '', '', ''),
(152, 0, 'ROBEN JULIANTO BP', 'TEMANGGUNG', '08122941344', 'AA-8596-SE', 'MHKA4DB3JEJ024163', 'B100RA-GQQFJ', '2014', 'AGYA 1.0 G A/T'),
(265, 74384328104836894, 'ATANG JAELANI', 'Curug, Ancol Mekar, Kec. Anjalsari, Kab. Bandung, Barat', '081319327192', 'D-1198-YBY', 'MJHKM5EA2JKK063747', 'F653RM-GMDFJ', '2019', 'AVANZA E M/T'),
(383, 11101, 'PUJIHARJA,BP', 'TEMANGGUNG', '081328853964', 'AB-1792-KH', 'MHF11KF8330095394', 'KF82R-GRMNE', '2003', 'KIJANG STD'),
(1041, 0, 'M. SUHARDONO', '--', '00', 'B-1886-NOJ', 'MHFXW41G8F0066678', '', '', ''),
(1096, 0, 'EKO RUSWANTO', '--', '00', 'AA-8595-VE', 'MHKM5EA3JGK008932', '', '', ''),
(1319, 0, 'JAMALUDIN,BP', 'TEMANGGUNG', '081578748264', 'AA-8691-K', '081578748264', 'TGN40R-GKMRKD 10', '2005', 'KIJANG INNOVA E M/T GASOLINE'),
(1376, 0, 'JATMIKO FAJAR MUNFARID', '--', '00', 'F-1536-CT', 'NHFJW8EM9G231344', '', '', ''),
(1400, 0, 'HARTOMO', '--', '00', 'AA-9069-AN', 'MHKA6GJ6JK108404', 'B401RA-GMZFJ', '2019', 'CALYA 1.2 G M/T'),
(1520, 0, 'JAYA RUSENO', '--', '0', 'AA-9272-BN', 'MHFXR43GX1010950', 'KUN40R-GKPNHD', '2013', 'INNOVA 2.5 DIESEL V '),
(2210, 0, 'MULJO WIBOWO', 'TEMANGGUNG', '00', 'AA-1368-FE', 'MHJB8EM7K1063655', 'GUN142R-MDTSYD', '2017', 'INNOVA 2.4  G DIESEL'),
(2228, 0, 'JIMMY', '--', '00', 'R-8090-W', 'MHFZR69G903065714', '', '', ''),
(2654, 0, 'YANTO,BP', 'TEMANGGUNG', '085878900251', 'AB-1713-CZ', 'MR053HY4239005877', 'NCP42R-EEMGKT', '2003', 'VIOS 1.5E M/T'),
(3308, 0, '??', '--', '00', 'AA-8482-VE', '??', 'TGN40R-GKMDKD', '2012', 'KIJANG INNOVA G M/T'),
(4828, 0, 'HERU TRIDJOKO', 'TEMANGGUNG', '00', 'AA-9127-YE', 'MHKA4DB3JFJ034763', 'B100RA-GQQFJ', '2015', 'AGYA 1.0 A/T'),
(5324, 0, 'GUNAWAN SURYADI,SH', 'TEMANGGUNG', '081348232244', 'AA-8551-ZE', 'MHKM5EA4JHK023338', 'F653RM-GMSFJ', '2017', 'GRAND NEW AVANZA VELOZ 1.3 S M/T'),
(5774, 0, 'SUBAGIYO HARIYONO', 'TEMANGGUNG', '08122870001', 'AA-170-QR', 'MHFJB8EM3G1002293', 'GUN142R-MDTSYD', '2016', 'INNOVA 2.4 G A/T DIE'),
(5799, 0, 'SUWALNO', 'TEMANGGUNG', '085695279196', 'B-1897-PYE', 'MHKM5FA4JFK004535', 'F654RM-GMSFJ', '2016', 'GRAND NEW AVANZA VELOZ 1.5 S M/T'),
(5831, 0, 'JUWARI', '--', '00', 'AA-9461-ME', 'MHKM1BA3JBK009466', 'F651RM-GMMFJ', '2011', 'AVANZA 1.3 G M/T'),
(5998, 0, 'WIGATI', '--', '00', 'AA-1475-GE', 'MHFFMRGK34K013614', 'F601RM-GMMEJ', '2004', 'AVANZA NON VVTI'),
(6101, 0, 'BENDAHARA SEKERTARIAT KABUAPATEN TEMANGGUNG', 'Jl. Ahmad Yani No.32, Dongkelan Utara, Jampiroso, Kec. Temanggung, Kabupaten Temanggung', '00', 'AA-9504-GN', 'MHKM5FA4JFK001722', 'F654RM-GMSFJ', '2015', 'GRAND NEW VELOZ M/T'),
(7459, 3303085228807513, 'MUHAMAD ABDUL KHAMID', 'Bulan, Selopampang, Temanggung, Jawa Tengah', '085228107513', 'AB-1740-AJ', 'MHFXS42G4ZE2558900', 'KUN40R-GKMDYD', '2014', 'INNOVA DIESEL G DLX M/T'),
(7939, 0, 'WINDARTO HARJONO', '--', '00', 'AB-1911-BN', 'MR054HY91CA4687496', '', '', ''),
(8353, 12000, 'SUDIRMAN,BP', 'TEMANGGUNG', '082134246872', 'AA-8594-ME', 'MHFM1BA3JBK320016', 'F601RM-GMMFJJ 10', '2011', 'NEW AVANZA 1.3G M/T'),
(8394, 0, 'RENI LIANA', 'TEMANGGUNG', '082227560534', 'AA-9361-YE', 'MHKM5EA3JHK086431', 'F653RM-GMMFJ', '2017', 'GRAND NEW AVANZA 1.3 G M/T'),
(8729, 0, 'NASRUDIN', '--', '00', 'AB-1839-JF', 'MHFGB8EM6K0427919', '', '', ''),
(8967, 0, 'JUMADI', 'TEMANGGUNG', '00', 'AA-8979-BN', 'MHKA6GKJKJ052937', 'B401RA-GQZFJ', '2019', 'CALYA 1.2 G A/T'),
(9060, 0, 'NGUBAIDILAH,BP', 'TEMANGGUNG', '085714186423', 'AA-110', 'MHFGB8GS7H0845054', 'GUN165R-SDTMHD', '2017', 'FORTUNER 2.4 VRZ A/T DIESEL'),
(9111, 0, 'YUSRON ABDI PARINDURI', '--', '00', 'B-2198-KGZ', 'MHKM1BB3JEK024584', '', '', ''),
(9657, 0, 'DWIYAN KADIYANTO', '--', '00', 'B-8683-EX', '--', 'TGN61R-EKPSKD', '2007', 'FORTUNER 2.7 GASOLIN'),
(10186, 0, 'LILIK ENI SUPRAPTI/ADI', 'TEMANGGUNG', '081325467910', 'AA-8544-YE', 'MHKM5FA4JHK026359', 'F654RM-GMSFJ', '2015', 'GRAND NEW AVANZA VELOZ 1.5 S M/T'),
(11112, 0, 'PUJI KARTONO', 'Temanggung', '00', 'AA-1172-EE', 'MHKMIM1B4JKC003283', 'F652RM-GQSFJ', '2012', 'AVANZA VELOZ 1.5 A/T'),
(11236, 0, 'EDWARD SIAHAAN', '--', '00', 'H-9456-ZC', 'MHFX42G0D2261321', 'TGN40R-GKMDKD', '2013', 'INNOVA 2.0 V GASOLIN'),
(11509, 3507133006560002, 'BAMBANG SUYATNA', 'Perum Green Hills, Boulevard No. 125 Sardono, Harjo, Ngaglik, Kabupaten Sleman DI. Yogy', '081233090490', 'AD-9495-DR', '350713300', 'TGN40R-GKPDKD', '2012', 'INNOVA 2.0 G A/T'),
(11578, 0, 'KARTINI IBU', 'TEMANGGUNG', '085866300957', 'AA-9027-VE', 'MHKM5EA4JGK014506', 'F653RM-GMSFJ', '2016', 'GRAND NEW AVANZA VELOZ 1.3 S M/T'),
(11811, 0, 'ISRODI', '--', '00', 'AB-1011-JT', 'MHFJW8EM4H2328510', '', '', ''),
(12887, 0, 'WIWIK INDRIANI', '--', '00', 'AB-1929-FF', 'MHKA6GJGJL608104', '', '', ''),
(12939, 0, 'Y ANDY SETYAWAN', 'TEMANGGUNG', '081392134138', 'AA-8479-ME', 'MHFM1BA2J9K017561', 'F601RM-GMDFJJ', '2009', 'AVANZA 1.3E M/T '),
(13494, 0, 'BUDIHARTO', '--', '00', 'B-2017-KKG', 'MHKA6GK6JJJ034278=', '', '', ''),
(13766, 0, 'YUSUF SARBANI', '--', '00', 'H-9211-YZ', 'MHFXR4G481004213', 'KUN40R-GKPNHD', '2008', 'INNOVA V A/T DIESEL'),
(14102, 0, 'OKKY WIBOWO', 'TEMANGGUNG', '081281949715', 'AA-9418-UE', 'MHKM5EA4JGK010200', 'F653RM-GMSFJ', '2016', 'GRAND NEW AVANZA VEL'),
(14322, 0, 'PRAMANA', '--', '00', 'AB-1940-WE', 'MHFXW42G0C2217527', '', '', ''),
(15366, 0, 'DEDI PURNAWAN', '--', '00', 'AA-8449-GE', 'MHF11UF8110006256', 'RZF81R-GRMNE', '2001', 'KIJANG 2000'),
(15514, 0, 'BENI SURYO UTOMO,BP', 'TEMANGGUNG', '085328059412', 'AA-9127-KE', 'MR054HY9194635217', 'NCP91R-AHMDKD 10', '2009', 'NEW YARIS J M/T '),
(17025, 0, 'BUDI HARYANTO', '--', '00', 'AA-8550-LE', 'MHFM1CB4JAK009796', 'F602RM-GMSFJ', '2010', 'AVANZA S 1.5 M/T'),
(17649, 0, 'SULI ALI', 'TEMANGGUNG', '085799144430', 'AA-8561-VE', 'MHKM5EA2JGK005874', 'F653RM-GMDFJ', '2016', 'GRAND NEW AVANZA 1.3 E M/T'),
(17977, 0, 'SUPRIHATIN', 'Sleman', '00', 'AB-1205-NK', 'MHKM1BA3JCK094798', '', '', ''),
(18168, 0, 'PARWOTO', '--', '00', 'AA-9312-VE', 'MHFXW42G182109148', 'TGN40R-GKMDKD', '2008', 'INNOVA G/MT GASOLINE'),
(18465, 0, 'REBERT MARPAUNG', '--', '00', 'D-1736-SAD', 'MHKE8FA2JKK007308', '', '', ''),
(18477, 0, 'GUSTOPO SETIAWAN', 'TEMANGGUNG', '081227479988', 'AA-8811-AN', 'MHFGB8EM1G0402773', 'GUN142R-MDMMYD', '2016', 'INNOVA 2.4 V M/T DIESEL'),
(19178, 33303685229506111, 'WAHYUDI', 'Komprengan, Kec. Jumo, Kab. Temanggung', '085643363815', 'AA-1430-E', 'MHFE2CJ3JCK044555', 'F700RE-GMMFJ', '2012', 'RUSH 1.5 S M/T'),
(20219, 3323030107710013, 'TIMOTIUS NUGROHO', 'Jl. Setiabudi 3A, Temanggung I, Temanggung, Jawa Tengah', '082220000771', 'AA-9081-CN', 'MHKA6GJKJ601253', 'B401RA-GMZFJ', '2017', 'CALYA 1.2 G M/T'),
(20227, 0, 'GUNADI,BP', 'TEMANGGUNG', '08122743000', 'R-8898-HF', 'MHFXS43G994004664', 'KUN40R-GKMNYD', '2009', 'KIJANG INNOVA V GL M/T DIESEL'),
(20476, 0, 'USTOYO', '--', '00', 'AA-8746-GE', 'MHF11UF8110015434', 'RZF81-GRMNE', '2001', 'KIJANG 2000'),
(21109, 0, 'FITRI HASTUTI', '--', '00', 'B-2852-TYP', 'MHK23F36K2062192', '', '', ''),
(21470, 0, 'GUNADI HURI, BP.', 'TEMANGGUNG', '29349291', 'AD-9119-GT', 'ANH100071949', 'ANH10-PRPGK-S', '2004', 'ALPHARD '),
(22256, 0, 'LESMORO HURI', '--', '0', 'N-1252-JX', 'MHFXS42G8E2558589', 'KUN40R-GKMDYD', '2015', 'INNOVA G M/T'),
(22881, 0, 'MUKMININ,BP', 'TEMANGGUNG', '081328285101', 'AB-1567-DA', 'MHFXW41G070023549', 'TGN40R-GKMRKD 10', '2007', 'KIJANG INNOVA E M/T GASOLINE '),
(22930, 0, 'HIDAYANTO,BP', 'TEMANGGUNG', '081392899082', 'AA-9464-NE', 'MR054HY91C4683255', 'NCP91R-AHMDKD', '2012', 'YARIS J M/T'),
(23091, 0, 'JUMALI', '--', '00', 'AA-8415-PE', 'MHF 11KF8320055811', 'KF82R-GRMED', '2002', 'KIJANG LGX'),
(23458, 0, 'RETNOWATIK', '--', '00', 'AD-9397-XT', 'MHKA4DA3JDJ011049', '', '', ''),
(24511, 0, 'RAGIL', 'TEMANGGUNG', '00', 'AA-8503-JE', 'MHFFMRGK35K039643', 'F601RM-GMMEJ', '2005', 'AVANZA NON VVTI'),
(24790, 0, 'NURUL HIDAYATI', 'TEMANGGUNG', '081383662266', 'AA-8414-RE', 'MHKA4DB3JDJ003126', 'B100RA-GQQFJ', '2013', 'AGYA 1.0 G A/T'),
(24842, 0, 'ZAENAL EFENDI', '--', '00', 'B-2807-TZD', 'MHFJB8EMGJ1028605', '', '', ''),
(24936, 0, 'IMAM TAUHID', '--', '00', 'AA-9494-LL', 'MHKMBA3JEJ095052', 'F651RM-GMMFJ', '2014', 'AVANZA 1.3 G M/T'),
(25116, 0, 'NEW RATNA MOTOR', '--', '00', 'AA-1054-EE', 'MHKE8FA3JLK045319', 'F800RE-GQSFJ', '2020', 'ALL NEW RUSH 1.5 TRD'),
(25197, 0, 'MUHAMMAD HARYANTO', '--', '00', 'AA-7276-DD', 'MHFGB8G39K0890357', 'GUN165R-SDTMHD', '2018', 'FORTUNER 2.4 VRZ A/T'),
(26533, 0, 'WIYANA', '--', '00', 'AA-1620-EE', 'MHKM5EA3JJK100133', 'F653RM-GMMFJ', '2018', 'GRAND NEW AVANZA G M'),
(26648, 0, 'GINANJAR', '--', '00', 'H-9320-GMMFJ', 'MHKM5EA3JJK129305', '', '', ''),
(26704, 330308125214055098, 'AKHMAD DWI KURNIAWAN', 'Karangasari, Parakan, Kauman, Parakan, Temanggung, Jawa Tengah', '0812544598', 'AA-9404-QE', 'MHFM1BA3JK056482', 'F601RM-GMMFJJ', '2007', 'AVANZA 1.3 G M/T'),
(26744, 0, 'SAMSUL HIDAYAT', 'SEMARANG', '00', 'H-9135-MQ', 'MR054HY9164600519', 'NCP91R-AVPVKD', '2006', 'YARIS S A/T LIMITED'),
(27469, 0, 'AGUS SUMIRAT', '--', '00', 'B-1936-SJV', 'MHFGB8GSGJ0875622', '', '', ''),
(28056, 0, '01 NEW RATNA MOTOR CABANG BSD', '--', '00', 'H-8433-BS', 'MHKM5EA3JJK127002', '', '', ''),
(28226, 0, 'SURYADI', 'TEMANGGUNG', '08564123232', 'AA-8682-YE', 'MHFE2CJ3JHK129503', 'F700RE-GMMFJ', '2017', 'RUSH S M/T'),
(28704, 0, 'SUYONO', '--', '00', 'B-2866-SYE', 'MHKM5EA3JJK113550', '', '', ''),
(29667, 0, 'ROBY', '--', '00', 'AA-8986-LE', 'MHFXW42G9A2171614', 'TGN40R-GKMDKD', '2011', 'INNOVA G M/T GASOLIN'),
(29721, 0, 'BPR SURYA YUDHA', 'l. Secang - Temanggung No.119a, Kauman, Kowan', '0', 'AA-89840-RF', 'MHKM5EA3JHK05690', 'F653RM-GMMFJ', '2017', 'GRAND NEW AVANZA 1.3'),
(29761, 0, 'SARWANI', 'TEMANGGUNG', '089696703389', 'AA-9164-YE', 'MHKM5EB3JHK014560', 'F653RM-GQMFJ', '2017', 'GRAND NEW AVANZA 1.3'),
(29952, 0, 'WALUYO', '--', '00', 'AA-86120-CN', 'MHFBA3J9K175539', '', '', ''),
(30448, 0, 'ARIES HIDAYAT', '--', '0', 'AA-1215-EE', 'MHKE8FB3JLK041473', 'F800RE-GQGFJ', '2020', 'ALL NEW RUSH 1.5 TRD'),
(30659, 0, 'WASKITO', '--', '00', 'B-1086-KCQ', 'MR0ZR69G080012954', '', '', ''),
(31667, 0, 'NURUL AINI SPD', '--', '00', 'B-1245-PJW', 'MHKM5EA3JGK032174', '', '', ''),
(32382, 0, 'UJIYATI SUGENG', '--', '00', 'AA-8627-BN', 'MHKA6GJ3JKJ026932', 'B401RA-GMQFJ', '2019', 'CALYA 1.2 E M/T'),
(32864, 0, 'SUTRISNO BP/DRIV ADI', 'TEMANGGUNG', '085263543066', 'AA-1879-CE', 'MHFC1JU43B5031015', 'WU342R-TKMTJD3 02', '2011', 'DYNA HT PS HIGH GEAR'),
(34114, 0, 'AHMAD DHAOUT TAUFIK', '--', '00', 'B-1769-WOE', 'MHFKT9F31F6069456', '', '', ''),
(34128, 0, 'FARID FATHONI', '--', '00', 'S-1816-WN', 'MHXW43G7D4076878', '', '', ''),
(35043, 0, 'LISSA MANDASARI', '--', '00', 'AA-9345-MD', 'MHFKT9F37F60606180', 'NCP150R-CHMVKD', '2015', 'YARIS TRD S M/T'),
(35222, 0, 'KASIRIN', '--', '00', 'AA-9499-TD', 'MHKM1BA2JDK029667', 'F651RM-GMDFJ', '2013', 'ALL NEW AVANZA E M/T'),
(35459, 0, 'KIRMAN', 'TEMANGGUNG', '081327149567', 'AA-9043-YE', 'MHKM5FB4JHK013737', 'F654RM-GQSFJ', '2017', 'GRAND NEW AVANZA VELOZ 1.5 S A/T'),
(35494, 0, 'ABDULLAH FAIZOL', 'Temanggung', '00', 'AA-9044-GN', 'MHFXR43G6E1014544', 'KUN40R-GKPNHD', '2014', 'INNOVA V A/T DIESEL'),
(35508, 9223372036854775807, 'PT. NINDYA KARYA', 'Jl Letjen MT Haryono No.22, Cawang, Kramat Jati, Jakarta Timur, Jakarta', '081517178823', 'B-2894-TYX', 'MHFJB8EM0K1059883', 'GUN142R-MDTSYD', '2019', 'INNOVA 2.4 G A/T DIE'),
(35538, 0, 'SOLIKIN', '--', '00', 'AA-1672-DE', 'MHFM1BA3JAK711108', 'F601RM-GMMFJJ', '2010', 'AVANZA G M/T'),
(35651, 8888, 'DR.L.BOBBY NINDRA NUGRAHA', 'TEMANGGUNG', '08122943162', 'AA-808-BY', 'MHFZ28H33H0023898', 'NSP170R-MWYQKD', '2017', 'SIENTA 1.5 V CVT (BL'),
(35652, 0, 'DINAS LINGKUNGAN HIDUP TEMANGGUNG', 'Jl. S. Kadar Maron No.Kelurahan, Area Sawah, ', '0', 'AA-9500-CE', 'MHFMACA4J8K015061', 'F602R-GMSFJ', '2008', 'AVANZA 1.5 S M/T'),
(35793, 0, 'TRIANTO ARIEF RACHMAN', '--', '00', 'B-2757-SZW', 'MHFJB8EM5J1033195', 'KUN40R-GKPDHD', '2008', 'INNOVA 2.5 DIESEL G '),
(35878, 0, 'RINTO ADI,BP', 'TEMANGGUNG', '081392310770', 'H-8131-JA', 'MR053HY9379005886', 'NCP150R-BEMDKD', '2007', 'VIOS LIMO'),
(36010, 0, 'SUSANTO', '--', '00', 'AA-8490-NE', 'MHKM1CA4JCK002837', 'F652RM-GMSFJ', '2012', 'AVANZA VELOZ 1.5 M/T'),
(36026, 0, 'MUHADI', '--', '00', 'AA-9231-QE', 'MHFMBA3JAK271248', 'F601RM-GMMFJ', '2010', 'AVANZA 1.3 G M/T'),
(36315, 0, 'SATRIYO WIBOWO', '--', '00', 'B-1781-NGY', 'MHFK29F33H200595', '', '', ''),
(37099, 0, 'SARNO', '--', '00', 'B-2040-UKX', 'MHKA6GK6JKJ051179', '', '', ''),
(37131, 0, 'CHARLES HARTONO,SE', 'TEMANGGUNG', '08156534088', 'AA-9335-UE', 'MHKM5FA4JGK012626', 'F654RM-GMSFJ', '2012', 'GRAND NEW AVANZA VELOZ 1.5 S M/T'),
(37644, 0, 'NUH NASIRIN', '--', '00', 'AA-9452-YE', 'MHKA6GJ6JHJ056516', 'B401RA-GMZFJ', '2017', 'CALYA 1.2 G M/T'),
(37712, 0, 'YUDI ARIANTO', '--', '0', 'AA-8603-ZE', 'MHKM5EA2JHK040942', 'F653RM-GMDFJ', '2017', 'GRAND NEW AVANZA 1.3'),
(37717, 0, 'DERI SEPTADIKA PRAWOTO', '--', '00', 'B-2077-TKJ', 'MHKA4GJ6J002186', '', '', ''),
(37825, 0, 'ADJI DJARMOKO', '--', '00', 'B-1086-KCQ', 'MR0ZR69G080012954', 'KUN60R-EKMSHD', '2008', 'FORTUNER'),
(37965, 0, 'FAHRODIN', 'SEMARANG', '00', 'H-8421-BM', 'MHFXW42G022217687', 'TGN40R-GKMDKD', '2012', 'KIJANG INNOVA E M/T'),
(38278, 0, 'YUSUF BOENADI', 'TEMANGGUNG', '08156872850', 'H-7486-VY', 'ACU300082978', 'ACU15R-AWPGK', '2009', 'HARRIER'),
(38398, 0, 'RIDHO IKHWAN HIDAYAT', '--', '00', 'K-9376-FH', 'MHFE2CK3JFK034036', '', '', ''),
(39306, 0, 'NARYANINGSIH', 'TEMANGGUNG', '081328735567', 'AA-9028-TE', 'MHKA4DB3JFJ041080', 'B100RA-GQQFJ', '2013', 'AGYA 1.0 G A/T'),
(39720, 3671080910780002, 'HINDRO RISTIANTO', 'Dsn Pojok, Pojok, Campur Darat, Kab Tulungagung, Jawa Timur', '081318224739', 'B-1968-COA', 'MHKM5EA2JGK00887', 'F653RM-GMMFJ', '2016', 'GRAND NEW AVANZA E M/T'),
(40225, 0, 'MUH SYARIF HS,SH/WAKAPOLRES', 'TEMANGGUNG', '081343014170', 'AA-8992-NY', 'MHFXW41G080029384', 'TGN40R-GKMRKD 10', '2008', 'KIJANG INNOVA E M/T GASOLINE'),
(40256, 0, 'NEW RATNA MOTOR', 'BSD CITY BEKASI', '00', 'AA-18050-RV', 'MHFGB8EM5K0437021', 'GUN142-MDTMYD', '2016', 'INNOVA 2.4 G MT DIES'),
(40381, 0, 'KECAMATAN TEMBARAK', 'TEMBARAK, TEMANGGUNG', '00', 'AA-9501-BN', 'MHKA6GJ6JHK056616', 'F651RM-GMDFJ', '2014', 'AVANZA E M/T'),
(41473, 0, 'BPR BKK TEMANGGUNG/SUGI/WAHYU', 'TEMANGGUNG', '085868836444', 'AB-1193-BY', 'MHKM5EA3JGJ023458', 'F653RM-GMMFJ', '2016', 'GRAND NEW AVANZA 1.3'),
(41889, 0, 'MUSTAHAL,BP', 'TEMANGGUNG', '081227308805', 'E-1248-KZ', 'MHKA4DB3JDJ003720', 'B100RA-GQQFJ', '2013', 'AGYA 1.0 G A/T'),
(42340, 3, 'LUKMAN HAKIM', 'Temanggung', '02', 'AA-9240-AN', 'MHFXW42G8E2294858', 'TGN40R-GKMKD', '2011', 'INNOVA 2.0 M/T GASOL'),
(43673, 0, 'DWI ARIS BUDIYANTO', '--', '00', 'B-1496-BZO', 'MHFE2CJ2JCK030328', 'F700RE-GMDFJ', '2012', 'RUSH G M/T'),
(44875, 11, 'HERU WIDODO', 'PARAKAN TEMANGGUNG', '01', 'AA-8935-YE', 'MHKM5EA3JHK080020', 'F653RM-GMMFJ', '2016', 'AVANZA G M/T'),
(45012, 0, 'BP ANIS', 'TEMANGGUNG', '081327324469', 'H-8569-GE', 'MHKM1CA3JCK005734', 'F652RM-GMMFJ', '2013', 'AVANZA 1.5 G M/T'),
(45974, 0, 'PUJIYONO', '--', '0', 'AB-1090-KN', 'MHKA4DA3JDJ005517', '', '', ''),
(46289, 0, '2-NEW RATNA MOTOR', '--', '00', 'B-2051-BRB', 'MHKE 8FA3JLJ007300', '', '', ''),
(46913, 0, 'TRIYANTO ARIEF RAHMAN', '--', '00', 'B-2450-PFM', 'MHFJB8EM7J1039239', 'GUN142R-MDTSYD', '2018', 'INNOVA DIESEL G A/T'),
(47187, 332306110690002, 'BAHARUDIN HABIBI', 'Semangen, Wadas, Kandangan, Kab. Temanggung, Jawa Tengah', '082339270557', 'AA-9373-ZE', 'MHKA6GJ6JJJ071403', 'B401RA-GMQFJ', '2018', 'CALYA 1.2 E M/T'),
(48252, 0, 'SUKMANTO', '--', '00', 'B-2791-TFH', 'MHKM5EA3JGJ0272774', '', '', ''),
(48438, 0, 'MUHAMMAD ABDUL KHAMID', '--', '00', 'AB-1740-AJ', 'MHFXS42G4E2558900', 'KUN40R-GKMDYD', '2013', 'INNOVA G DIESEL M/T'),
(48910, 0, 'LASIONO', 'TEMANGGUNG', '085643912396', 'AA-8414-WE', 'MHFXW43G6C4070021', 'TGN40R-GKMNKD 10', '2012', 'KIJANG INNOVA V M/T GASOLINE'),
(49461, 0, 'ANTONI', 'JOGJAKARTA', '00', 'AB-1489-DJ', 'MHKA', 'B100RA-GMQFJ', '2016', 'AGYA'),
(49514, 0, 'INDRA HERMAWAN', '--', '00', 'B-1553-EOF', 'MHKM1BA3JFJ123784', '', '', ''),
(49917, 0, 'MUHJANTO', '--', '00', 'F-1267-KGZ', 'MHKM5EA3JHK069340', '', '', ''),
(50083, 0, 'YAHYA', 'TEMANGGUNG', '082128101036', 'R-124-NI', 'MR054HY91D4703830', 'NCP91R-AHPRKD', '2013', 'YARIS E A/T '),
(50143, 0, 'ROMADLON', 'TEMANGGUNG', '081327084491', 'AA-9477-VE', 'MHFGB8EM1G0407844', 'GUN142R-MDMMYD', '2016', 'INNOVA 2.4 V M/T DIE'),
(50537, 0, 'ARI WIDIYATMOKO', 'Temanggung', '00', 'AA-8811-IG', 'MHKA6GJ30JKJ030791', 'B401RA-GMQFJ', '2016', 'CALYA 1.2 E M/T'),
(50565, 0, 'RUAYANTO', '--', '00', 'B-1828-KKG', 'MHFE2CJBK0803031', '', '', ''),
(50702, 0, 'NASIHIN', '--', '00', 'AA-1158-FE', 'MHKAGA5JJJ0189991', '', '', ''),
(51335, 0, 'ARIS SETYO YULIANTO', '--', '00', 'B-1484-PJD', 'MHFZR69G9B3031513', 'KUN60R-EKPSHD', '2011', 'FORTUNER DIESEL G A/'),
(51484, 0, 'PRIMONO', '--', '00', 'AA-1470-FE', 'MHFX42GD0022646', 'KUN40R-GKPDHD', '2013', 'INNOVA G A/T DIESEL'),
(51821, 0, 'IBNU HAJAR', '--', '00', 'B-1020-KLR', 'MHFZR69G693008698', '', '', ''),
(52241, 32143545343685, 'ARI SETYOWATI', 'JL Saubari No 58 RT 8/3, Parakan, Kauman, Temanggung', '08122704908', 'AA-1871-IE', 'MHFE2CK3JFK034625', 'F700RE-GQMFJ', '2015', 'RUSH A/T '),
(52418, 0, 'NEDIK SETIYAWAN,BP', 'TEMANGGUNG', '085640040035', 'AA-8762-LE', 'MHFXS42GXA2523644', 'KUN40R-GKMDYD 21', '2010', 'NEW KIJANG INNOVA G M/T DIESEL'),
(52659, 100000000000000001, 'BENDAHARA SEKERTARIAT DPRD TEMANGGUNG', 'Jalan Letjen Suprapto No. 23 Temanggung, Jawa Tengah', '085141282523', 'AA-1027-XE', 'MHKM5FA3JFK000282', 'F654RM-GMMFJ', '2017', 'GRAND NEW AVANZA 1.5'),
(53002, 81325252736, 'ARIYADI', 'Wonosroyo, Bojonegoro, Kec. Kedu, Kab.Temanggung', '081325252736', 'AA-214-DY', 'MHFZR69G5E3101254', 'KUN60R-EKPSHD', '2012', 'FORTUNER 2.5 M/T DIE'),
(54738, 0, 'NILA SUKMA', 'TEMANGGUNG', '081328210807', 'AB-1697-VN', 'MHFXS42G4F2562480', 'KUN40R-GKMDYD 11', '2015', 'KIJANG INNOVA G M/T '),
(55042, 0, 'RIANTO WIDODO', '--', '00', 'AB-1642-YA', 'MHFXW42G3C2243717', '', '', ''),
(55756, 0, 'MAMAT LEO CANDRA SINAGA', 'TEMANGGUNG', '081392288353', 'AA-8925-LE', 'MHFXS42G9A2524316', 'KUN40R-GKMDYD 21', '2010', 'NEW KIJANG INNOVA G M/T DIESEL'),
(55970, 0, 'HARSONO', '--', '00', 'AA-8412-CN', 'MHKM5EA3JKK152570', '', '', ''),
(56026, 0, '4- BPR SPDI KARTINI TEMANGGUNG', '--', '00', 'AA-9057-HE', 'MHFXS42G9C2541488', 'KUN40R-GKMYD', '2014', 'INNOVA G DIESEL A/T'),
(56607, 0, 'SUROSO RUDI PRIYONO', '--', '00', 'B-1348-PVH', 'MR054HY9174615939', '', '', ''),
(57246, 0, 'ARI', '--', '00', 'AB-18920HN', 'MHKM1BA3JDJ029460', '', '', ''),
(57401, 0, 'SIHWANTI', 'TEMANGGUNG', '082243613345', 'AA-8466-ZE', 'MHKM5EA2JGK008239', 'F653RM-GMDFJ', '2016', 'GRAND NEW AVANZA 1.3 E M/T'),
(57605, 0, 'BASURI', '--', '00', 'AA-8537-N', 'MHFE2CJ2JBK021568', 'F700RE-GMDFJ', '2011', 'RUSH 1.5 G M/T'),
(58119, 0, 'BANK JATENG CAPBM PREMBUN', 'JL Raya Prembun, Ruko Blok Barat NO.1, Prembun, Temanggung, Jawa Tengah', '085327037235', 'H-8936-JP', 'MHKM5FB4JHK012972', 'F654RM-GQSFJ', '2017', 'AVANZA VELOZ 1.5 A/T'),
(58263, 0, 'PT ALBASIA BHUMIPALA PERSADA', 'JL. Raya Kedu, Km. 3, Candi Mulyo Kedu, Deman', '09', 'AA-8699-BN', 'MHFGB8EM8K0429042', 'GUN142R-MDTMYD', '2017', 'INNOVA 2.4 G DIESEL '),
(58274, 0, '00', '--', '00', 'AA-8612-CN', 'MHFM1BA3JFK175339', 'F601RM-GMMFJJ', '2009', 'AVANZA 1.3 G VVTI'),
(58358, 0, 'SELASA PAMBUDI RIZKI', 'TEMANGGUNG', '085713700051', 'AA-8886-UE', 'MHKM5EA3JFJ018832', 'F653RM-GMMFJ', '2015', 'AVANZA 1.3 G M/T'),
(58461, 1000, 'NUR IMMAWATI', 'TEMANGGUNG', '081369034725', 'AD-8939-BR', 'MHFE2CJ3JDK069428', 'F700RE-GMMFJ', '2013', 'RUSH S M/T'),
(59282, 0, 'WIWIN SETYO UTOMO,BP', 'TEMANGGUNG', '087860311148', 'DK-1502-DX', 'MHKM1BA3JCK108763', 'F651RM-GMMFJ', '2012', 'AVANZA 1.3 G M/T'),
(59661, 0, 'YUDHI KURNIAWAN', '--', '00', 'AB-1081-WE', 'MHFXS42G4B2532227', 'KUN40R-GKMDYD', '2011', 'INNOVA 2.5 DIESEL M/'),
(60012, 3323161208670001, 'SUWANDI', 'Pringapus RT 4/8 Bansari, Temanggung, Jawa Tengah', '08122782880', 'AA-8859-GE', 'MHFXW42G062067679', 'TGN40R-GKMDKD', '2006', 'INNOVA G M/T GASOLINE'),
(60156, 0, 'MUHSIN', '--', '00', 'AB-1935-SK', 'MHKM1BA3JDJ037543', '', '', ''),
(60710, 0, 'YAYUK MUJI RAHAYU', 'TEMANGGUNG', '08122820138', 'AA-9214-QE', 'MHFXR42G5D0023175', 'KUN40R-GKPDHD 11', '2013', 'KIJANG INNOVA G A/T '),
(60810, 888, 'SUMPENO', 'Parakan, Temanggung', '00', 'AA-9197-IC', 'MR054HY91B4668770', 'NCP91R-AHMRKD', '2007', 'YARIS E M/T'),
(61366, 0, 'SUPARDI', 'TEMANGGUNG', '00', 'AA-1276-DE', 'MHKM5EA3JLK169567', 'F653RM-GMMFJ', '2017', 'GRAND NEW AVANZA 1.3'),
(61558, 0, 'EDDY HARIYANTO,BP', '', '0816684797', 'AA-9301-JE', 'MHFXS43G084004437', 'KUN40R-GKMNYD', '2008', 'INNOVA V M/T DISL'),
(61721, 0, 'BIAS PUTRA PANUNTUN', '--', '00', 'AB-1136-RC', 'MHFK29F33H2014763', '', '', ''),
(61722, 0, 'BAMBY ARBIYADI', '--', '0', 'D-1158-OU', 'MR054HY91BA667639', 'NCP91R-AHMVKD', '2011', 'YARIS S LTD M/T'),
(63140, 2, 'THOHIR', 'Tambi, Temanggung', '02', 'AA-9298-UE', 'MHKM5FB4JGK004232', 'F654RM-GQSFJ', '2017', 'GRAND NEW VELOZ 1.5 '),
(65002, 0, 'BASIHIN', '--', '0', 'AA-1158-FE', 'MHKAGA5JJ018999', 'B101RA-GMSGFJ', '2018', 'AGYA 1.2 G M/T'),
(65066, 0, 'NEVIL', '--', '00', 'AA-8728-PE', 'MHFE2CK3JCK018852', 'F700RE-GQMFJ', '2012', 'RUSH TRD S A/T'),
(65089, 0, 'PUGUH BAGUS NARIMO', '--', '00', 'AA-9001-VE', 'MHKA6GJ3JGJ001787', 'B401RA-GMQFJ', '2018', 'CALYA E M/T'),
(65469, 0, 'MUNJAHID,BP/WAHID', 'TEMANGGUNG', '085878500861', 'AB-1683-VZ', 'MHFXW41G750011797', 'TGN40R-GKMRKD 10', '2005', 'TGN40R-GKMRKD 10'),
(65691, 0, 'SURJADI', 'Pakisan, Candimulyo, Kedu, Temanggung, Jawa Tengah', '085868077223', 'AA-8610-ME', 'MHFM1BA3JBK320811', 'F601RM-GMMFJ', '2011', 'NEW AVANZA 1.3 G M/T'),
(66501, 3327021107900004, 'KHOMILIN', 'Toyareja, Toyareja, Purbalingga, Jawa Tengah', '081228444343', 'H-8797-GP', '---', 'TGN40R-GKMDKD', '2009', 'INNOVA G M/T 2.0 Gas'),
(67735, 0, 'HENDRO SULISTYANTO', 'TEMANGGUNG', '081325019213', 'AA-8734-LE', 'MR054HY91A4648913', 'NCP91R-AHMVKD 10', '2010', 'NEW YARIS S M/T'),
(67882, 100, 'ROHMAT ALIMI,BP', 'TEMANGGUNG', '085747000080', 'AA-8486-UE', 'MHFM1BA3JBK319149', 'F601RM-GMMFJJ', '2011', 'AVANZA 1.3G M/T'),
(68650, 0, 'SUMARDI', '--', '0', 'AA-1391-DE', 'MHFE2CJ3JFK096790', 'F700RE-GMMFJ', '2007', 'RUSH 1.5 G M/T'),
(68799, 0, 'HARTONO', '--', '00', 'B-2016-TKZ', 'MHKM5EA3JHK050492', '', '', ''),
(69014, 0, 'ABIMANYU', '--', '00', 'AB-1517-MU', 'MHFJB8EM8K10675868', '', '', ''),
(69726, 0, 'ACHMAD PONIMIN', '--', '00', 'AB-16871-QX', 'MHFJW8EM3K2378872', '', '', ''),
(70174, 0, 'SUWARNO', '--', '00', 'B-1314-PYM', 'MHKM5EA3JGK009516', '', '', ''),
(70424, 0, 'DINAS HUBKOMINFO', 'TEMANGGUNG', '8121598382', 'AA-9506-GN', 'MHKM5FA3JGK001668', 'F654RM-GMMFJ', '2016', 'GRAND NEW AVANZA 1.5 G M/T'),
(70672, 0, 'ARUE BUDI SANTOSA', '--', '00', 'AA-8946-AN', 'MHKA4DA3JDJ000101', 'B100RA-GMQFJ', '2013', 'AGYA 1.0 M/T'),
(70762, 0, 'DENNY KURNIAWAN,BP', 'TEMANGGUNG', '081329505005', 'H-8973-FH', 'MHFXS42G4C2535565', 'KUN40R-GKMDYD 11', '2012', 'KIJANG INNOVA G M/T DIESEL'),
(71634, 0, 'SEDAYU', '--', '00', 'BE-1170-YM', 'MHFG8GS0K0895799', '', '', ''),
(71692, 0, 'HARI HARSOYO', 'TEMANGGUNG', '00', 'AA-9152-TE', 'MHKA4DB3JFJ041605', 'B100RA-GQQFJ', '2016', 'AGYA'),
(71729, 0, 'DWI TEGUH CAHYADI', 'TEMANGGUNG', '00', 'B-1756-CMA', 'MHFXW42G252025537', 'TGN40R-GKMDKD', '2012', 'INNOVA GASOLINE G M/'),
(71918, 0, 'KOKOK PRABOWO', '--', '00', 'AB-1419-DG', 'MHFM1BA3J8K118381', 'F601RM-GMMFJ', '2008', 'AVANZA 1.3 G M/T'),
(72411, 0, 'NENG ANAH', 'TEMANGGUNG', '085292055300', 'AA-8827-VE', 'MHKA4DB3JGJ064258', 'B100RA-GQQFJ', '2016', 'AGYA 1.0 G A/T'),
(72490, 0, 'SUPRIYANTO', '--', '00', 'B-2108-BIO', 'MHFJB8EK8K1059968', '', '', ''),
(72591, 0, 'SURATMAN', '--', '00', 'AA-9353-QE', 'MHKM1CA4JDK056442', 'F652RM-GMSFJ', '2013', 'AVANZA VELOZ 1.5 M/T'),
(73822, 0, 'MUSLIMAN', '--', '00', 'B-561-MUA', 'MHFXA438C4008101', '', '', ''),
(74054, 0, 'ANDI', 'Semarang', '00', 'H-88-UD', 'MHFGW8EM3G1004592', '', '', ''),
(74207, 0, 'KHAIRUL ANAM', '--', '0', 'AA-1610-EE', 'MHKM1BB3JFK031748', 'F651RM-GQMFJ', '2015', 'AVANZA 1.3 G A/T'),
(74504, 0, 'KRISNA WIJAYA', 'KRISNA WIJAYA', '081578270552', 'B-1639-B', 'MHFGB8EM1G0406595', 'GUN142R-MDTMYD', '2016', 'INNOVA 2.4 V A/T DIESEL'),
(74813, 0, 'JUFRIZAL', '00', '00', 'AA-9086-NF', 'MHKA4DB3JFJ040205', 'B100RA-GQQFJ', '2015', 'AGYA 1.0 A/T'),
(75346, 0, 'HENDRAWAN', 'TEMANGGUNG', '089531062746', 'B-77-UOE', 'MHFXS43GB4007376', 'KUN40R-GKMNYD 10', '2011', 'KIJANG INNOVA V M/T DIESEL'),
(75591, 0, 'NURCHOLIS', 'Temanggung', '00', 'AA-9408-QH', 'MR054HY9174617746', 'NCP91R-AHVKD', '2006', 'YARIS S A/T LIMITED'),
(75959, 0, 'BUDININGSIH', 'TEMANGGUNG', '081215327458', 'AA-8662-PE', 'MHKA4DA3JGJ102093', 'B100RA-GMQFJ', '2016', 'AGYA 1.0 G M/T'),
(76095, 0, 'EKO PRASTYO', 'UNGARAN, SEMARANG', '00', 'H-9158-ES', 'MHFm11BA3JGK705535', 'F601RM-GMMFJJ', '2010', 'AVANZA G M/T'),
(76207, 0, 'YULIUS NUGRAHA SETIADI', '--', '00', 'H-1262-EF', 'MHFE2CK3JFK034263', '', '', ''),
(76287, 0, 'DODY KURNIAWAN', 'TEMANGGUNG', '082175554447', 'BG-1191-UA', 'MHKM5EA4JFK002832', 'F654RM-GMSFJ', '2016', 'GRAND NEW AVANZA VELOZ 1.5 S M/T'),
(76532, 0, 'WAGIMAN', '--', '00', 'B-2087-KKP`', 'MHKE8FA3JJK009014', '', '', ''),
(77060, 0, 'SUMARDI', '--', '0', 'H-9311-FZ', 'MHKM1BA2JEK058823', 'F651RM-GMDFJ', '2014', 'AVANZA 1.3 E M/T'),
(77271, 0, 'AGUSTINA FARIDA', '--', '00', 'AA-8976-CN', 'MHKE8FB3JKJ0043867', 'F800RE-GQGFJ', '2019', 'ALL NEW RUSH G A/T'),
(77967, 0, 'SETYARNO', '--', '0', 'BM-1564-CV', 'MHFXA42GX82513108', 'KUN40R-GKMDYD', '2014', 'INNOVA 2.5 G DIESEL '),
(78971, 0, 'SUGIYANTO', '--', '00', 'AA-8629-LC', 'MHKM5EA3JKK160796', 'F653RM-GMMFJ', '2019', 'NEW AVANZA 1.3 G M/T'),
(79628, 0, 'NURFAIDA ZULKAN KURNIA', '--', '00', 'AB-1548-RH', 'MHKM5EA3JLK16625', '', '', ''),
(79657, 0, 'YUSUF ALIM MUSTAFA ANWAR', '--', '0', 'AA-9272-BN', 'MHKM1CA4JEK079467', 'F652RM-GMSFJ', '2014', 'AVANZA VELOZ 1.5 G M'),
(79871, 0, 'WUSONO,BP', 'TEMANGGUNG', '085327454816', 'B-512-SRO', 'MHKM1BA3JDK151274', 'F651RM-GMMFJ', '2013', 'AVANZA 1.3 G M/T'),
(80136, 0, 'SULMAN', '--', '00', 'AA-9196-SD', 'MHFXW42G2C2220378', 'TGN40R-GKMDKD', '2012', 'INNOVA G GASOLINE M/'),
(80681, 0, 'HARIS BUDI SETYOKO', '--', '00', 'B-1933-UIN', 'MHKA4DA3JEJ030718', '', '', ''),
(80937, 1, 'AHMAD RIFAI AZIZ', 'Kandangangan, Temanggung', '01', 'AA-9182-CN', 'MHFK29F32H2015743', 'NSP151R-CHMVKD', '2017', 'MHFK29F32H2015743'),
(80954, 0, 'HENDI', '--', '00', 'H-8824-EF', 'MHFXW43GXD44077698', '', '', ''),
(82302, 0, 'SARIFUDIN', '--', '00', 'AA-9012-EE', 'MHFE2CJ3JHK134655', 'F700RE-GMSFJ', '2017', 'RUSH 1.5 G TRD ULTIM'),
(82359, 0, 'HARTANTO SETYADI', '--', '0', 'AA-8699-UE', 'MHXW42GXB2182541', 'TGN40R-GKMDKD', '2011', 'INNOVA 2.0 GASOLINE '),
(82476, 0, 'APRI BUDI PRASTYO', '--', '00', 'B-2734-SZD', 'MHKM5EA2JHK035136', '', '', ''),
(82737, 0, '2-HENRY YOGA', '--', '00', 'AA-9077-AN', 'MHFGB8EM3K0425870', 'GUN142R-MDTMYD', '2019', 'INNOVA DIESEL 2.4 V '),
(82825, 3323032511730004, 'TUMIJO', 'Legoksari, RT 6/1, Temanggung II, Temanggung, Kab Temanggung, Jawa Tengah', '082225267218', 'AA-9030-PE', 'MHKM1BA3JCK113175', 'F651RM-GMMFJ', '2012', 'AVANZA 1.3 G M/T'),
(83081, 1000000000000001, 'BENDAHARA SEKERTARIAT DPRD KAB TEMANGGUNG', 'Jalan Letjen Suprapto. No 23, Temanggung, Jawa Tengah', '085741282523', 'AA-7006-XE', 'MHKM1BA3JFJ125092', 'F651RM-GMMFJ', '2015', 'AVANZA G 1.3 M/T'),
(83275, 81328114707, 'LIDYA OKTAVIA,IBU', 'TEMANGGUNG', '081328114707', 'B-1015-BYC', 'MHFXW41GXD0058983', 'TGN40R-GKPRKD 10', '2013', 'INNOVA 2.0 E A/T'),
(83306, 0, 'NEW RATNA MOTOR CABANG BSD', '--', '00', 'H-8427-BS', 'MHKM5EA3JJK126921', '', '', ''),
(83484, 0, 'ESTI WIDI S IBU/DR SOEHARJO BP', 'TEMANGGUNG', '081227744662', 'AA-9289-KE', 'MR054HY9194640260', 'NCP91R-AHMVKD 10', '2009', 'NEW YARIS S M/T '),
(83548, 0, 'ELIN HARYONO', 'TEMANGGUNG', '081584171610', 'B-1853-KRW', 'MHKM5EA3JFJ018584', 'F653RM-GMMFJ', '2014', 'GRAND NEW AVANZA 1.3 G M/T'),
(83911, 0, 'DJASA DJASA PT', 'TEMANGGUNG', '85228436377', 'AA-9477-JE', 'MHFXS41G881505886', 'KUN40R-GKMNYD 10', '2008', 'KIJANG INNOVA V M/T DIESEL'),
(84294, 0, 'RUSWANTO', '--', '00', 'AA-8595-VE', 'MHKM5EA3JGK008932', 'F653RM-GMSFJ', '2016', 'GRAND NEW VELOZ 1.3 '),
(84310, 0, 'BAGUS WINASIS HERU SATRIA', '--', '00', 'AA-8596-QE', 'MHFE2CJ3JDK066045', 'F700RE-GMMFJ', '2013', 'RUSH S M/T TRD'),
(84510, 0, 'ISROFAH', '--', '00', 'H-9234-EQ', 'MHKM5EA2JGK017388', '', '', ''),
(84900, 0, 'BP,YAMRI', 'TEMANGGUNG', '081227962962', 'AA-9478-DL', 'MHFXS42G562506841', 'KUN40R-GKMDYD', '2006', 'KIJANG INNOVA G DLX '),
(84942, 0, 'YUSUF SUSANTO', '', '00', 'AA-8018-EE', 'MHFZR69G2A3012395', 'KUN60R-EKMSHD', '2014', 'FORTUNER 4X2 M/T DIE'),
(85715, 0, 'BAMBANG BROTO SARWONO', '--', '0', 'AA-8630-TE', 'MR054HY91A4658459', 'NCP91R-AHMDKD', '2011', 'YARIS J M/T'),
(85985, 0, 'MEY SUYANTO', '--', '00', 'AA-9242-RE', 'MHFE2CJ2JEKO44400', 'F700RE-GMDFJ', '2014', 'RUSH G/MT 1.5'),
(86796, 1000000000000001, 'BENDAHARA SEKERTARIAT DPRD TEMANGGUNG', 'Jalan Letjen Suprapto No.23 Temanggung, Kabupaten Temanggung', '085741282523', 'AA-7004-XE', 'MHKM1BA3JFJR4800', 'F651RM-GMMFJ', '2012', 'AVANZA 1.3 G M/T'),
(86805, 0, 'ISTINGAROH/GANDI', 'TEMANGGUNG', '085725977666', 'H-8653-CH', 'MHFE2CJ3JBK038814', 'F700RE-GMMFJ', '2011', 'RUSH S M/T'),
(87194, 0, 'INDRO WALUYO', '--', '00', 'AB-1615-DY', 'MHKM5EA3JGK017356', '', '', ''),
(87437, 0, 'YUWONO,BP', 'TEMANGGUNG', '085643025074', 'AA-8622-FE', 'MHFXW43G254021594', 'TGN40R-GKPDKD 11', '2005', 'KIJANG INNOVA G A/T '),
(87874, 0, 'ARI WIDIYATMOKO', '--', '00', 'AA-8811-IG', 'MHKA6GJ3JKJ030791', 'B401RA-GMQFJ', '2018', 'CALYA G A/T'),
(88404, 0, 'YOSEF ADI ARTANTO,BP', 'TEMANGGUNG', '081931211154', 'AA-7701-DE', 'MHF11TJ8009002492', 'HDJ80R-GNMEX', '1997', 'LANDCRUISER DELUXE'),
(89218, 0, 'HERU TRIDJOKO', '--', '0', 'MHFE2CJ3JAK022004', 'MHFE2CJAK022004', 'F700RE-GMMFJ', '2010', 'RUSH 1.5 G M/T'),
(89561, 0, 'MARYADI.S.P', 'TEMANGGUNG', '081229896877', 'AA-124-FA', 'MHFJB8GS9H1529350', 'GUN165R-SDTSHD', '2017', 'FORTUNER 2.4 G A/T DIESEL'),
(89723, 0, 'PT. KOSPIN JASA', 'Jalan Jend. Sudirman No. 11, Dongkelan Utara,', '00', 'B-8022-JS', 'MHKM1BA3JCK030471', 'F651RM-GMMFJ', '2013', 'ALL NEW AVANZA 1.3 G'),
(89734, 0, 'SUMARLAN', '--', '0', 'AA-8460-QE', 'MHKM1BA2JCKD017987', 'F651RM-GMDFJ', '2012', 'ALL NEW AVANZA E M/T'),
(89934, 0, 'M FAUZI PURWOKO', 'Temanggung', '00', 'AA-8602-DE', 'MHFFMREK34K017600', 'F601RM-GMMFJJ', '2011', 'AVANZA 1.3 G M/T'),
(90006, 0, 'WAHYUDI (BP)', 'Temanggung', '42852046724', 'AA-1172-SE', 'MHFXW42G852046724', 'TGN40R-GKPDKD', '2005', 'INNOVA 2.0 G A/T GAS'),
(90253, 99, 'BENDAHARA PENGELUARAN BPS', 'Jalan Suwandi Suwardi, RT. 002/RW. 004, Linku', '00', 'AA-9503-JN', 'MHFJW8EMXK2367917', 'TGN140R-MDMSKYD', '2018', 'INNOVA 2.0 GASOLINE '),
(91148, 0, 'SURYANTO', '--', '00', 'AA-1845-GE', 'MHFE2CJ2J7K001127', 'F700RE-GMMFJ', '2007', 'RUSH G M/T'),
(91242, 0, 'ADITYA PUTRA HANGGASTA', 'TEMANGGUNG', '082225267915', 'D-1891-VH', 'MHFZX6KG177004408', 'TGN61R-EKPSKD 01', '2007', 'FORTUNER G 4X2 A/T LUX'),
(91266, 0, 'SRI SUPRIYATI', 'TEMANGGUNG', '085228548500', 'AA-9126-QE', 'MHKM1BA3JDJ033925', 'F651RM-GMMFJ', '2013', 'AVANZA 1.3 G M/T'),
(91687, 0, 'CHAIRUL BASARI', '--', '00', 'AA-9439-N', 'MHF11KF7000012822', 'KF70R-GRMNS', '1997', 'KIJANG STD'),
(91728, 0, 'HERY SUPENO', '--', '00', 'AA-7612-EE', 'MHF53EA10958831', 'AE80R-EEHDS', '1997', 'COROLLA'),
(91735, 0, 'TATIK HARIYATI', '--', '00', 'AA-8683-AN', 'MHFZR69G9D3081055', 'KUN60R-EMSHD', '2015', 'FORTUNER'),
(92353, 0, 'SUTRIMO ISMANTO', '--', '00', 'B-1294-ERA', 'MHKM5EA2JJK045125', '', '', ''),
(92494, 0, 'JUNED PRABOWO', 'TEMANGGUNG', '081392029942', 'AA-9311-VE', 'MHKM5EA2JGK008065', 'F653RM-GMDFJ', '2016', 'GRAND NEW AVANZA 1.3 E M/T'),
(93142, 0, 'SUPANDI', 'Temanggung', '00', 'AA-1228-DE', 'MHKM5FA4JFK005703', 'F654RM-GMSFJ', '2015', 'GRAND NEW VELOZ 1.5 '),
(93266, 0, 'SUWANDI', '--', '00', 'AA-7367-DE', 'MHFZR69G7B3030800', 'KUN60R-EKPSHD', '2011', 'FORTUNER 4X2 G DIESE'),
(93480, 0, 'PUJAO TRIAMAKNO', '--', '00', 'B-1563-UAF', 'MR053REH2F4101869', '', '', ''),
(93625, 0, 'HS MOELYONO,DRS.SP.SH.MM', 'TEMANGGUNG', '08122904615', 'AA-17-EL', 'MHFJB8GS7G1500024', 'GUN165R-SDTSHD', '2016', 'FORTUNER 2.4 G A/T DIESEL'),
(93693, 100000, 'PT. Mitra Bersama Reality', 'Jamiperjo Timur, Jamiperjo, Temanggung, Jawa Tengah', '081215355757', 'AA-8934-AN', 'MHFJB8EM8J1040495', 'GUN142R-MDTSYD', '2017', 'Innova G A/T Diesel '),
(93773, 3175060410780001, 'Abdurahman', 'Perum Cempoko Indah C12 Kuden, Kec. Piyungan, Kab Bantul, DI Yogyakarta', '081319327192', 'AB-1262-RK', 'MHKM1BB3JDK011224', 'F651RM-GMMFJ', '2013', 'AVANZA 1.3 G M/T'),
(93912, 0, 'DEWI SEPTIANAWATI', '--', '00', 'AB-1583-RJ', 'MHKM5EA4JLK035557', '', '', ''),
(94793, 0, 'TEGUH', '--', '00', 'E-1685-MF', 'MHKA1BA3JDK1539701', '', '', ''),
(95043, 0, 'DWI SUSANTO', '--', '00', 'H-9204-QD', 'MHKM5FB4JKK024517', '', '', ''),
(95109, 0, 'VERY RASTANTO,BP', 'TEMANGGUNG', '081288235694', 'H-9132-IL', 'MHKM5EA2JGJ007672', 'F653RM-GMDFJ', '2016', 'GRAND NEW AVANZA 1.3 E M/T'),
(95377, 0, 'YUWANTI', 'TEMANGGUNG', '085741860555', 'AA-8990-QE', 'MHKM1BA3JDK143438', 'F651RM-GMMFJ', '2013', 'AVANZA 1.3 G M/T'),
(95430, 0, 'ARIE BUDY SANTOSA', '--', '00', 'AA-8946-AN', 'MHKA4DA3JDJ000101', '', '', ''),
(95873, 0, 'WAWAN WIBISONO', 'AB-1954-HY', '00', 'AD-8684-UD', 'MHKA6CKJCJ011216', '', '', ''),
(96236, 1920329327473, 'SALAHUDIN ARIEF JAUHANI TEGUH', 'Mudal, kec Mudal, Kab. Temanggung, Jawa Tengah', '0813922992477', 'B-2363-UFH', 'MHFA3BEM2H0006166', 'GUN142R-MDTHYD', '2017', 'INNOVA 2.4 Q A/T DIE'),
(96967, 0, 'AHMAD FAUZI', '--', '00', 'F-424-AF', 'MHKM5FAA4JGK020306', '', '', ''),
(97086, 0, 'DEVIN FEBRY SETIAWAN', '--', '00', 'D-8794-ZE', 'MR0ES8B7J0063998', '', '', ''),
(97135, 3307991903860004, 'MAD YAHYA', 'Gamelan, Karangrejo, Kedu, Temanggung, Jawa Tengah', '082339270557', 'T-1763-GC', 'MHKA6GKJJJ045682', 'B401RA-GQZFJ', '2018', 'CALYA 1.2 G A/T'),
(97223, 0, 'SRI SETIAWAN', '--', '00', 'AB-1645-VZ', 'MHFJB8EM8K1049344', '', '', ''),
(98210, 0, 'JAMAL', '--', '00', 'BG-1235-GB', 'MHFJB8EM4E1012265', 'GUN142R-MDMSYD', '2016', 'INNOVA 2.4 G A/T DIE'),
(98858, 0, 'SUN HAJI ,BP', 'Kauman, Parakan, Temanggung, Jawa Tengah', '081392329393', 'AA-9000-MP', 'MHFFMRGK34K025719', 'F601R-GMMEJ', '2004', 'AVANZA (G)'),
(99611, 0, 'ARIEF ZAM-ZAM', 'TEMANGGUNG', '000', 'AA-1361-YU', 'MHFJ8EMK1065011', 'GUN142-MDTSYD', '2016', 'INNOVA 2.4 G A/T DIE'),
(99688, 0, 'KURMEN,BP/ROPIYATUN,IBU', 'TEMANGGUNG', '081328061384', 'AA-8797-UE', 'MHKM5EA4JFK000350', 'F653RM-GMSFJ', '2015', 'GRAND NEW AVANZA VELOZ 1.3 S M/T'),
(99714, 0, 'AHMAD ASFARI', '--', '0', 'AA-8607-SN', 'MHFJB8EM4K108588', 'GUN142R-MDMSYD', '2019', 'INNOVA 2.4 G DIESEL '),
(99970, 1110111, 'SARJITO BP', 'TEMANGGUNG', '085878316447', 'AA-8842-KE', 'MHF21KF5200020051', '7K-0042097', '1996', 'KF52R-KR');

-- --------------------------------------------------------

--
-- Struktur dari tabel `rincian_transaksi_keluar`
--

CREATE TABLE `rincian_transaksi_keluar` (
  `kode_rincian_keluar` int(11) NOT NULL,
  `kode_transaksi_keluar` int(11) DEFAULT NULL,
  `kode_part` varchar(45) DEFAULT NULL,
  `qty_keluar` int(11) DEFAULT NULL
) ENGINE=InnoDB DEFAULT CHARSET=utf8mb4;

--
-- Dumping data untuk tabel `rincian_transaksi_keluar`
--

INSERT INTO `rincian_transaksi_keluar` (`kode_rincian_keluar`, `kode_transaksi_keluar`, `kode_part`, `qty_keluar`) VALUES
(1, 58222, '08880-83576', 1),
(2, 58222, '15601-BZ030', 1),
(3, 58222, '90430-GASKET', 1),
(4, 58222, '01088-BRAKE', 1),
(5, 58222, '01088-FLUSH', 1),
(6, 58222, '04465-BZ170', 1),
(7, 24977, '08880-83576', 1),
(8, 24977, '15601-BZ030', 1),
(9, 24977, '90430-GASKET', 1),
(10, 24977, '5210', 1),
(11, 46792, '08880-83576', 1),
(12, 46792, '15601-BZ030', 1),
(13, 46792, '90430-GASKET', 1),
(14, 46792, '02088-INJCT', 1),
(15, 46792, '01088-BRAKE', 1),
(16, 99098, '15601-BZ030', 1),
(17, 99098, '08880-83576', 1),
(18, 99098, '02088-INJCT', 1),
(19, 99098, '01088-CABIN', 1),
(20, 99098, '01088-BRAKE', 1),
(21, 99098, '08885-80929', 2),
(22, 99098, '08885-80930', 4),
(23, 99098, '90430-GASKET', 1),
(24, 99098, '90430-GEAR-A', 2),
(25, 99098, '12157-10010', 2),
(26, 99098, '08823-80011', 2),
(27, 99098, '5210', 1),
(28, 43310, '08880-83576', 1),
(29, 43310, '90915-YZZD2-82', 1),
(30, 43310, '08880-83575', 2),
(31, 43310, '01088-BRAKE', 1),
(32, 43310, '02088-INJCT', 1),
(33, 43310, '01088-FLUSH', 1),
(34, 43310, '08885-80930', 3),
(35, 43310, '08886-80705', 1),
(36, 43310, '12157-10010', 2),
(37, 90336, '08880-83576', 1),
(38, 90336, '08880-83575', 2),
(39, 90336, '90915-YZZD2-82', 1),
(40, 90336, '90430-GASKET', 1),
(41, 90336, '01088-BRAKE', 1),
(42, 90336, '99132-21230-76', 1),
(43, 90336, '01088-CABIN', 1),
(44, 32254, '08880-83352', 1),
(45, 32254, '08880-83351', 3),
(46, 32254, '90915-YZZD2-82', 1),
(47, 32254, '01088-BRAKE', 1),
(48, 32254, '01088-INJDIS', 1),
(49, 32254, '01088-FLUSH', 1),
(50, 32254, '5210', 1),
(51, 59474, '08880-83576', 1),
(52, 59474, '15601-BZ030', 1),
(53, 59474, '90430-GASKET', 1),
(54, 59474, '02088-INJCT', 1),
(55, 59474, '04465-BZ170', 1),
(56, 45823, '08880-83576', 1),
(57, 45823, '15601-BZ030', 1),
(58, 45823, '90430-GASKET', 1),
(59, 45823, '01088-FLUSH', 1),
(60, 45823, '01088-BRAKE', 1),
(61, 45823, '5210', 1),
(62, 45823, '08808-80060', 1),
(63, 24422, '08880-83576', 1),
(64, 24422, '15601-YZZT1', 1),
(65, 24422, '90430-GASKET', 1),
(66, 24422, '01088-BRAKE', 1),
(67, 24422, '02088-INJCT', 1),
(68, 24422, '01088-FLUSH', 1),
(69, 24422, '90430-GASKET', 1),
(70, 24422, '5210', 1),
(71, 15756, '08880-83576', 1),
(72, 15756, '90915-YZZE1-82', 1),
(73, 15756, '90430-GASKET', 1),
(74, 15756, '5210', 1),
(75, 15756, '01088-CABIN', 1),
(76, 23013, '08880-83575', 3),
(77, 23013, '15601-BZ030', 1),
(78, 23013, '90430-GASKET', 1),
(79, 23013, '01088-FLUSH', 1),
(80, 23013, '01088-BRAKE', 1),
(81, 23013, '02088-INJCT', 1),
(82, 7029, '08880-83576', 1),
(83, 7029, '08880-83575', 2),
(84, 7029, '90915-YZZD2-82', 1),
(85, 7029, '01088-BRAKE', 1),
(86, 7029, '01088-INJCT', 1),
(87, 7029, '04465-0K100', 1),
(88, 43819, '08880-83576', 1),
(89, 43819, '15601-BZ030', 1),
(90, 43819, '90430-GASKET', 1),
(91, 43819, '08885-80929', 2),
(92, 43819, '08885-80930', 1),
(93, 43819, '04465-BZ170', 1),
(94, 43819, '12157-10010', 2),
(95, 43819, '90430-GASKET', 1),
(96, 62191, '08880-83352', 2),
(97, 62191, '90915-YZZD2-82', 1),
(98, 62191, '90430-GASKET', 1),
(99, 62191, '23390-0L070-82', 1),
(100, 57605, '08880-83576', 1),
(101, 57605, '15601-YZZT1', 1),
(102, 57605, '90430-GASKET', 1),
(103, 68145, '08880-83576', 1),
(104, 68145, '15601-BZ030', 1),
(105, 68145, '90430-GASKET', 1),
(106, 68145, '01088-BRAKE', 1),
(107, 68145, '02088-INJCT', 1),
(108, 68145, '01088-CABIN', 1),
(109, 68145, '01088-FLUSH', 1),
(110, 68145, '5210', 1),
(111, 18096, '08880-83576', 1),
(112, 18096, '08880-83575', 2),
(113, 18096, '90915-YZZD2-82', 1),
(114, 18096, '90430-GASKET', 1),
(115, 18096, '01088-FLUSH', 1),
(116, 18096, '01088-BRAKE', 1),
(117, 18096, '28800-YZZWQ', 1),
(118, 96785, '08880-83352', 2),
(119, 96785, '90915-YZZD2-82', 1),
(120, 96785, '90430-GASKET', 1),
(121, 96785, '04465-0K431', 1),
(122, 96785, '23390-0L070-82', 1),
(123, 13346, '08880-83576', 1),
(124, 13346, '90915-YZZE1-82', 1),
(125, 13346, '90430-GASKET', 1),
(126, 26681, '08880-83575', 3),
(127, 26681, '15601-BZ030', 1),
(128, 26681, '90430-GASKET', 1),
(129, 26681, '5210', 1),
(130, 54260, '08880-83352', 2),
(131, 54260, '90915-YZZD2-82', 1),
(132, 54260, '90430-GASKET', 1),
(133, 54260, '01088-INJDIS', 1),
(134, 54260, '23390-0L070-82', 1),
(135, 54260, '08885-81300', 2),
(136, 54260, '08885-81310', 3),
(137, 54260, '12157-10010', 2),
(138, 54260, '90430-GEAR-B', 2),
(139, 86829, '08880-83576', 1),
(140, 86829, '15601-BZ030', 1),
(141, 86829, '90430-GASKET', 1),
(142, 86829, '5210', 1),
(143, 86829, '01088-FLUSH', 1),
(144, 86829, '17801-BZ150', 1),
(145, 86829, '08808-80060', 1),
(146, 23202, '08880-83576', 1),
(147, 23202, '15601-YZZT1', 1),
(148, 23202, '90430-GASKET', 1),
(149, 23202, '01088-FLUSH', 1),
(150, 23202, '17801-BZ050', 1),
(151, 34502, '08880-83576', 1),
(152, 34502, '15601-BZ030', 1),
(153, 34502, '90430-GASKET', 1),
(154, 34502, '02088-INJCT', 1),
(155, 34502, '01088-BRAKE', 1),
(156, 34502, '01088-CABIN', 1),
(157, 34502, '88568-BZ050', 1),
(158, 34502, '01088-FLUSH', 1),
(159, 60313, '08880-83576', 1),
(160, 60313, '15601-BZ030', 1),
(161, 60313, '90430-GASKET', 1),
(162, 60313, '01088-FLUSH', 1),
(163, 60313, '02088-INJCT', 1),
(164, 60313, '88568-BZ050', 1),
(165, 60313, '08808-80060', 1),
(166, 60313, '85212-BZ210', 1),
(167, 60313, '85222-BZ220', 1),
(168, 458100, '08880-83352', 1),
(169, 458100, '08880-83351', 3),
(170, 458100, '90915-YZZD2-82', 1),
(171, 458100, '90430-GASKET', 1),
(172, 458100, '01088-INJDIS', 1),
(173, 458100, '01088-CABIN', 1),
(174, 458100, '01088-FLUSH', 1),
(175, 81698, '08880-83576', 1),
(176, 81698, '90430-GASKET', 1),
(177, 81698, '01088-FLUSH', 1),
(178, 81698, '02088-INJCT', 1),
(179, 81698, '5210', 1),
(180, 81698, '04465-BZ170', 1),
(181, 81698, '01088-BRAKE', 1),
(182, 81698, '15601-BZ030', 1),
(183, 77823, '08880-83576', 1),
(184, 77823, '15601-BZ030', 1),
(185, 77823, '90430-GASKET', 1),
(186, 77823, '02088-INJCT', 1),
(187, 77823, '01088-BRAKE', 1),
(188, 77823, '01088-FLUSH', 1),
(189, 77823, '08885-80929', 2),
(190, 77823, '90430-GEAR-A', 2),
(191, 29515, '08880-83576', 1),
(192, 29515, '15601-BZ030', 1),
(193, 29515, '90430-GASKET', 1),
(194, 29515, '01088-INJCT', 1),
(195, 29515, '01088-BRAKE', 1),
(196, 29515, '01088-FLUSH', 1),
(197, 29515, '01088-CABIN', 1),
(198, 29515, '99132-21230-76', 1),
(199, 58755, '08880-83576', 1),
(200, 58755, '90915-YZZE1-82', 1),
(201, 58755, '01088-BRAKE', 1),
(202, 58755, '01088-FLUSH', 1),
(203, 58755, '01088-CABIN', 1),
(204, 58755, '90430-GASKET', 1),
(205, 19049, '08880-83576', 1),
(206, 19049, '15601-BZ030', 1),
(207, 19049, '90430-GASKET', 1),
(208, 19049, '5210', 1),
(209, 19049, '02088-INJCT', 1),
(210, 19049, '01088-BRAKE', 1),
(211, 28367, '08880-83576', 1),
(212, 28367, '90430-GASKET', 1),
(213, 28367, '15601-BZ030', 1),
(214, 28367, '08886-81813', 3),
(215, 57553, '08880-83576', 1),
(216, 57553, '90915-YZZE1-82', 1),
(217, 57553, '90430-GASKET', 1),
(218, 57553, '01088-BRAKE', 1),
(219, 57553, '01088-FLUSH', 1),
(220, 57553, '01088-CABIN', 1),
(221, 83684, '08880-83575', 2),
(222, 83684, '08880-83576', 1),
(223, 83684, '90915-YZZD2-82', 1),
(224, 83684, '90430-GASKET', 1),
(225, 83684, '01088-CABIN', 1),
(226, 83684, '90049-51130', 1),
(227, 83684, '08885-81300', 3),
(228, 83684, '08885-81310', 2),
(229, 83684, '12157-10010', 2),
(230, 83684, '90430-GEAR-B', 2),
(231, 70823, '08880-83576', 1),
(232, 70823, '15601-YZZT1', 1),
(233, 70823, '90430-GASKET', 1),
(234, 70823, '9004A-91032', 4),
(235, 70823, '04465-BZ170', 1),
(236, 38087, '08880-83576', 1),
(237, 38087, '15601-BZ030', 1),
(238, 38087, '90430-GASKET', 1),
(239, 38087, '5210', 1),
(240, 53626, '08880-83352', 1),
(241, 53626, '08880-83351', 3),
(242, 53626, '90915-YZZD2-82', 1),
(243, 53626, '90430-GASKET', 1),
(244, 53626, '01088-INJDIS', 1),
(245, 53626, '04465-0K100', 1),
(246, 53626, '23390-YZZA1-82', 1),
(247, 53626, '08885-80929', 2),
(248, 53626, '90430-GEAR-B', 2),
(249, 53626, '08885-80930', 3),
(250, 53626, '12157-10010', 2),
(251, 53626, '08886-81813', 1),
(252, 53626, '01088-BRAKE', 1),
(253, 53626, '01088-CABIN', 1),
(254, 34136, '08880-83352', 2),
(255, 34136, '90915-YZZD2-82', 1),
(256, 34136, '90430-GASKET', 1),
(257, 34136, '01088-CABIN', 1),
(258, 34136, '08885-81300', 3),
(259, 34136, '12157-10010', 2),
(260, 34136, '01088-BRAKE', 1),
(261, 34136, '01088-FLUSH', 1),
(262, 34136, '01088-INJDIS', 1),
(263, 7452, '08880-83575', 3),
(264, 7452, '15601-BZ030', 1),
(265, 7452, '90430-GASKET', 1),
(266, 7452, '01088-FLUSH', 1),
(267, 7452, '01088-INJCT', 1),
(268, 7452, '9004A-91065', 3),
(269, 30151, '08880-83576', 1),
(270, 30151, '90915-YZZE1-82', 1),
(271, 30151, '90430-GASKET', 1),
(272, 30151, '01088-BRAKE', 1),
(273, 30151, '90919-T1002', 4),
(274, 30151, '01088-CABIN', 1),
(275, 43017, '08880-83352', 2),
(276, 43017, '90915-YZZD2-82', 1),
(277, 43017, '90430-GASKET', 1),
(278, 43017, '01088-INJDIS', 1),
(279, 43017, '01088-BRAKE', 1),
(280, 43017, '5210', 1),
(281, 43017, '23390-0L070-82', 1),
(282, 43017, '01088-CABIN', 1),
(283, 43017, '01088-FLUSH', 1),
(284, 27143, '08880-83576', 1),
(285, 27143, '15601-BZ030', 1),
(286, 27143, '90430-GASKET', 1),
(287, 27143, '08823-80011', 2),
(288, 27143, '01088-FLUSH', 1),
(289, 27143, '01088-INJCT', 1),
(290, 27143, '01088-BRAKE', 1),
(291, 27143, '01088-CABIN', 1),
(292, 27143, '08885-80929', 2),
(293, 27143, '08885-80930', 4),
(294, 27143, '99132-21230-76', 1),
(295, 27143, '12157-10010', 2),
(296, 27143, '90430-GEAR-A', 2),
(297, 85250, '08880-83576', 1),
(298, 85250, '15601-BZ030', 1),
(299, 85250, '90430-GASKET', 1),
(300, 85250, '85212-BZ210', 1),
(301, 85250, '85222-BZ220', 1),
(302, 85250, '88568-BZ050', 1),
(303, 85250, '02088-INJCT', 1),
(304, 85250, '08808-80060', 1),
(305, 85250, '08823-80011', 1),
(306, 4977, '08880-83576', 1),
(307, 4977, '15601-BZ030', 1),
(308, 4977, '90430-GASKET', 1),
(309, 4977, '85212-BZ210', 1),
(310, 4977, '85222-BZ220', 1),
(311, 4977, '08808-80060', 1),
(312, 4977, '04465-BZ170', 1),
(313, 4977, '99132-21230-76', 1),
(314, 68500, '08880-83575', 2),
(315, 68500, '08880-83576', 1),
(316, 68500, '90430-GASKET', 1),
(317, 68500, '90915-YZZD2-82', 1),
(318, 68500, '08885-81310', 2),
(319, 68500, '08885-81300', 3),
(320, 68500, '12157-10010', 2),
(321, 68500, '90430-GEAR-B', 2),
(322, 68500, '04465-0K431', 1),
(323, 68500, '5210', 1),
(324, 68500, '01088-BRAKE', 1),
(325, 68500, '08823-80011', 2),
(326, 14540, '08880-83576', 1),
(327, 14540, '15601-BZ030', 1),
(328, 14540, '90430-GASKET', 1),
(329, 81126, '08880-83576', 1),
(330, 81126, '15601-YZZT1', 1),
(331, 81126, '90430-GASKET', 1),
(332, 81126, '9004A-91032', 4),
(333, 81126, '99132-21230-76', 1),
(334, 81126, '31210-BZ021', 1),
(335, 81126, '31230-BZ060', 1),
(336, 81126, '31250-BZ130', 1),
(337, 81126, '5210', 1),
(338, 43524, '15601-YZZT1', 1),
(339, 43524, '08880-83576', 1),
(340, 43524, '90430-GASKET', 1),
(341, 43524, '9004A-91032', 4),
(342, 43524, '01088-INJCT', 1),
(343, 43524, '08885-80929', 2),
(344, 43524, '08885-80930', 2),
(345, 43524, '90430-GEAR-A', 2),
(346, 43524, '12157-10010', 2),
(347, 79608, '9004A-91065', 3),
(348, 79608, '04495-BZ111', 1),
(349, 74658, '08880-83576', 1),
(350, 74658, '15601-BZ030', 1),
(351, 74658, '90430-GASKET', 1),
(352, 74658, '02088-INJCT', 1),
(353, 74658, '01088-BRAKE', 1),
(354, 74658, '01088-FLUSH', 1),
(355, 74658, '5210', 1),
(356, 74658, '88568-BZ040', 1),
(357, 43419, '08880-83576', 1),
(358, 43419, '90430-GASKET', 1),
(359, 43419, '01088-BRAKE', 1),
(360, 43419, '02088-INJCT', 1),
(361, 43419, '08808-80060', 1),
(362, 43419, '01088-FLUSH', 1),
(363, 43419, '15601-BZ030', 1),
(364, 43419, '5210', 1),
(365, 87579, '08880-83352', 1),
(366, 87579, '08880-83351', 3),
(367, 87579, '90915-YZZD2-82', 1),
(368, 87579, '90430-GASKET', 1),
(369, 87579, '01088-INJDIS', 1),
(370, 87579, '5210', 1),
(371, 87579, '23390-YZZA1-82', 1),
(372, 87579, '08886-81813', 1),
(373, 96487, '08880-83576', 1),
(374, 96487, '15601-YZZT1', 1),
(375, 96487, '90430-GASKET', 1),
(376, 96487, '01088-INJCT', 1),
(377, 96487, '01088-BRAKE', 1),
(378, 96487, '9004A-91032', 4),
(379, 96487, '17801-BZ050', 1),
(380, 36486, '08880-83576', 1),
(381, 36486, '15601-YZZT1', 1),
(382, 36486, '90430-GASKET', 1),
(383, 36486, '01088-INJCT', 1),
(384, 36486, '99132-21230-76', 1),
(385, 36304, '08880-83576', 1),
(386, 36304, '08880-83575', 2),
(387, 36304, '90915-YZZD2-82', 1),
(388, 36304, '90430-GASKET', 1),
(389, 36304, '99132-21230-76', 1),
(390, 36304, '90919-T1004', 4),
(391, 36304, '5210', 1),
(392, 36304, '04465-0K100', 1),
(393, 36304, '08886-81813', 1),
(394, 282, '08880-83576', 1),
(395, 282, '90915-YZZE1-82', 1),
(396, 282, '90430-GASKET', 1),
(397, 282, '01088-FLUSH', 1),
(398, 282, '01088-BRAKE', 1),
(399, 282, '01088-CABIN', 1),
(400, 282, '02088-INJCT', 1),
(401, 282, '90919-T1002', 4),
(402, 74228, '08880-83576', 1),
(403, 74228, '15601-YZZT1', 1),
(404, 74228, '90430-GASKET', 1),
(405, 74228, '01088-CABIN', 1),
(406, 80571, '08880-83576', 1),
(407, 80571, '15601-BZ030', 1),
(408, 80571, '90430-GASKET', 1),
(409, 80571, '31230-BZ060', 1),
(410, 80571, '31210-BZ021', 1),
(411, 80571, '31250-BZ130', 1),
(412, 80571, '5210', 1),
(413, 2610, '08880-83575', 3),
(414, 2610, '90430-GASKET', 1),
(415, 2610, '15601-BZ030', 1),
(416, 2761, '08880-83352', 2),
(417, 2761, '90915-YZZD2-82', 1),
(418, 2761, '90430-GASKET', 1),
(419, 2761, '01088-INJDIS', 1),
(420, 2761, '08808-80060', 1),
(421, 41082, '23390-0L070-82', 1),
(422, 35090, '11213-21011', 1),
(423, 35090, '90919-T1002', 4),
(424, 43746, '08885-80929', 2),
(425, 43746, '08885-80930', 3),
(426, 43746, '90430-GEAR-B', 2),
(427, 43746, '12157-10010', 2),
(428, 43746, '87139-06080-82', 1),
(429, 43746, '16401-72090', 1),
(430, 56841, '5210', 1),
(431, 56841, '01088-CABIN', 1),
(432, 56841, '90915-YZZE1-82', 1),
(433, 11004, '04465-BZ170', 1),
(434, 55726, '9004A-91032', 4),
(435, 77184, '9004A-91065', 3),
(436, 74254, '08823-80011', 1),
(437, 74254, '04465-BZ170', 1),
(438, 41204, '01088-FLUSH', 1),
(439, 41204, '01088-BRAKE', 1),
(440, 53669, '08880-83352', 2),
(441, 53669, '90915-YZZD2-82', 1),
(442, 53669, '90430-GASKET', 1),
(443, 53669, '01088-INJDIS', 1),
(444, 53669, '01088-BRAKE', 1),
(445, 53669, '01088-CABIN', 1),
(446, 53669, '04465-0K431', 1),
(447, 53669, '08885-81300', 3),
(448, 53669, '12157-10010', 2),
(449, 53669, '01088-FLUSH', 1),
(450, 53669, '5210', 1),
(451, 88429, '08880-83575', 2),
(452, 88429, '08880-83576', 1),
(453, 88429, '90915-YZZD2-82', 1),
(454, 88429, '01088-BRAKE', 1),
(455, 88429, '02088-INJCT', 1),
(456, 88429, '01088-FLUSH', 1),
(457, 88429, '08808-80060', 1),
(458, 88429, '01088-BRAKE', 1),
(459, 88429, '04465-0K431', 1),
(460, 4922, '08880-83576', 1),
(461, 4922, '15601-YZZT1', 1),
(462, 4922, '90430-GASKET', 1),
(463, 4922, '9004A-91032', 4),
(464, 4922, '01088-INJCT', 1),
(465, 4922, '01088-BRAKE', 1),
(466, 4922, '01088-CABIN', 1),
(467, 4922, '5210', 1),
(468, 4922, '08885-80929', 2),
(469, 4922, '08885-80930', 2),
(470, 4922, '12157-10010', 2),
(471, 4922, '90430-GEAR-A', 2),
(472, 91501, '08886-80705', 1),
(473, 91501, '08885-80930', 3),
(474, 91501, '12157-10010', 2),
(475, 91501, '23390-YZZA1-82', 1),
(476, 91501, '08823-80011', 2),
(477, 91501, '01088-BRAKE', 1),
(478, 48869, '15601-YZZT1', 1),
(479, 48869, '90430-GASKET', 1),
(480, 48869, '08880-83576', 1),
(481, 48869, '08885-80930', 2),
(482, 48869, '08885-80929', 2),
(483, 48869, '90430-GEAR-A', 2),
(484, 48869, '01088-CABIN', 1),
(485, 48869, '12157-10010', 2),
(486, 48869, '01088-CABIN', 1),
(487, 48869, '01088-BRAKE', 1),
(488, 48869, '01088-FLUSH', 1),
(489, 48869, '04465-BZ170', 1),
(490, 24509, '08880-83576', 1),
(491, 24509, '15601-BZ030', 1),
(492, 24509, '90430-GASKET', 1),
(493, 24509, '04465-BZ170', 1),
(494, 24509, '08808-80060', 1),
(495, 24509, '85212-BZ210', 1),
(496, 24509, '85222-BZ220', 1),
(497, 24509, '01088-BRAKE', 1),
(498, 24509, '02088-INJCT', 1),
(499, 24509, '01088-FLUSH', 1),
(500, 38535, '04465-0K100', 1),
(501, 38535, '90915-YZZD2-82', 1),
(502, 38535, '08880-83576', 1),
(503, 38535, '01088-INJCT', 1),
(504, 38535, '90919-T1004', 4),
(505, 38535, '01088-BRAKE', 1),
(506, 38535, '99132-21230-76', 1),
(507, 38535, '01088-CABIN', 1),
(508, 38535, '08885-80929', 2),
(509, 38535, '08885-80930', 3),
(510, 38535, '90430-GEAR-B', 2),
(511, 38535, '12157-10010', 2),
(512, 91313, '08880-83575', 3),
(513, 91313, '15601-BZ030', 1),
(514, 91313, '90430-GASKET', 1),
(515, 91313, '01088-FLUSH', 1),
(516, 91313, '01088-BRAKE', 1),
(517, 91313, '9004A-91065', 3),
(518, 91313, '01088-CABIN', 1),
(519, 91313, '08823-80011', 2),
(520, 91084, '08880-83352', 1),
(521, 91084, '08880-83351', 3),
(522, 91084, '90430-GASKET', 1),
(523, 91084, '90915-YZZD2-82', 1),
(524, 91084, '01088-FLUSH', 1),
(525, 91084, '01088-CABIN', 1),
(526, 91084, '01088-INJDIS', 1),
(527, 91084, '01088-BRAKE', 1),
(528, 91084, '99132-21230-76', 1),
(529, 8874, '08880-83576', 1),
(530, 8874, '15601-YZZT1', 1),
(531, 8874, '90430-GASKET', 1),
(532, 8874, '9004A-91016', 4),
(533, 8874, '01088-INJCT', 1),
(534, 8874, '01088-BRAKE', 1),
(535, 8874, '99132-21230-76', 1),
(536, 53814, '08880-83576', 1),
(537, 53814, '90915-YZZE1-82', 1),
(538, 53814, '90430-GASKET', 1),
(539, 53814, '08886-81440', 1),
(540, 53814, '90919-T1002', 4),
(541, 53814, '02088-INJCT', 1),
(542, 34272, '08880-83575', 3),
(543, 34272, '15601-BZ030', 1),
(544, 34272, '90430-GASKET', 1),
(545, 34272, '9004A-91065', 3),
(546, 34272, '08886-81813', 2),
(547, 34272, '01088-CABIN', 1),
(548, 25191, '08880-83576', 1),
(549, 25191, '15601-YZZT1', 1),
(550, 25191, '9004A-91032', 4),
(551, 25191, '01088-BRAKE', 1),
(552, 25191, '90430-GASKET', 1),
(553, 56113, '08880-83576', 1),
(554, 56113, '15601-YZZT1', 1),
(555, 56113, '90430-GASKET', 1),
(556, 56113, '02088-INJCT', 1),
(557, 56113, '01088-BRAKE', 1),
(558, 56113, '5210', 1),
(559, 56113, '01088-CABIN', 1),
(560, 56113, '85212-BZ210', 1),
(561, 56113, '85222-BZ220', 1),
(562, 83135, '08880-83576', 1),
(563, 83135, '08880-83575', 2),
(564, 83135, '90430-GASKET', 1),
(565, 83135, '90915-YZZD2-82', 1),
(566, 83135, '99132-21230-76', 1),
(567, 83135, '90919-T1004', 4),
(568, 2200, '08880-83576', 1),
(569, 2200, '08880-83575', 2),
(570, 2200, '90430-GASKET', 1),
(571, 2200, '08886-80705', 1),
(572, 2200, '08885-80930', 1),
(573, 2200, '12157-10010', 2),
(574, 2200, '08889-80090', 1),
(575, 2200, '08889-80100', 1),
(576, 2200, '01088-BRAKE', 1),
(577, 2200, '01088-CABIN', 1),
(578, 53243, '08880-83576', 1),
(579, 53243, '15601-YZZT1', 1),
(580, 53243, '90430-GASKET', 1),
(581, 53243, '08823-80011', 2),
(582, 53243, '5210', 1),
(583, 53243, '01088-INJCT', 1),
(584, 53243, '01088-BRAKE', 1),
(585, 51725, '08880-83576', 1),
(586, 51725, '15601-BZ030', 1),
(587, 51725, '90430-GASKET', 1),
(588, 51725, '5210', 1),
(589, 51725, '01088-CABIN', 1),
(590, 39813, '08880-83575', 3),
(591, 39813, '15601-BZ030', 1),
(592, 39813, '90430-GASKET', 1),
(593, 39813, '08823-80011', 2),
(594, 39813, '99132-21230-76', 1),
(595, 39813, '01088-BRAKE', 1),
(596, 506, '08880-83352', 2),
(597, 506, '90915-YZZD2-82', 1),
(598, 506, '90430-GASKET', 1),
(599, 506, '5210', 1),
(600, 20424, '08880-83352', 1),
(601, 20424, '08880-83351', 3),
(602, 20424, '90430-GASKET', 1),
(603, 20424, '23390-YZZA1-82', 1),
(604, 20424, '90915-YZZD2-82', 1),
(605, 45826, '08880-83576', 1),
(606, 45826, '15601-YZZT1', 1),
(607, 45826, '90430-GASKET', 1),
(608, 45826, '01088-BRAKE', 1),
(609, 45826, '01088-CABIN', 1),
(610, 45826, '85212-BZ210', 1),
(611, 45826, '85222-BZ220', 1),
(612, 71395, '08880-83576', 1),
(613, 71395, '15601-BZ030', 1),
(614, 71395, '90430-GASKET', 1),
(615, 71395, '02088-INJCT', 1),
(616, 71395, '01088-BRAKE', 1),
(617, 71395, '08823-80011', 2),
(618, 20220, '08880-83352', 1),
(619, 20220, '08880-83351', 3),
(620, 20220, '90430-GASKET', 1),
(621, 20220, '01088-INJDIS', 1),
(622, 20220, '01088-BRAKE', 1),
(623, 20220, '08808-80060', 1),
(624, 20220, '5210', 1),
(625, 20220, '90915-YZZD2-82', 1),
(626, 8444, '08880-83352', 2),
(627, 8444, '90915-YZZD2-82', 1),
(628, 8444, '90430-GASKET', 1),
(629, 8444, '01088-BRAKE', 1),
(630, 8444, '01088-INJDIS', 1),
(631, 8444, '01088-FLUSH', 1),
(632, 8444, '5210', 1),
(633, 72474, '08880-83576', 1),
(634, 72474, '90915-YZZZ1', 1),
(635, 72474, '90430-GASKET', 1),
(636, 72474, '01088-BRAKE', 1),
(637, 72474, '01088-FLUSH', 1),
(638, 12831, '08880-83352', 1),
(639, 12831, '08880-83351', 3),
(640, 12831, '90430-GASKET', 1),
(641, 12831, '90915-YZZD2-82', 1),
(642, 12831, '23390-YZZA1-82', 1),
(643, 49915, '08880-83576', 1),
(644, 49915, '15601-YZZT1', 1),
(645, 49915, '90430-GASKET', 1),
(646, 49915, '9004A-91032', 4),
(647, 49915, '08885-80929', 2),
(648, 49915, '08885-80930', 3),
(649, 49915, '12157-10010', 2),
(650, 49915, '90430-GEAR-A', 2),
(651, 74999, '08880-83576', 1),
(652, 74999, '15601-YZZT1', 1),
(653, 74999, '90430-GASKET', 1),
(654, 74999, '01088-FLUSH', 1),
(655, 74999, '01088-BRAKE', 1),
(656, 74999, '01088-INJCT', 1),
(657, 74999, '9004A-91032', 4),
(658, 74999, '08823-80011', 2),
(659, 74999, '01088-CABIN', 1),
(660, 98711, '08880-83576', 1),
(661, 98711, '15601-BZ030', 1),
(662, 98711, '90430-GASKET', 1),
(663, 98711, '01088-BRAKE', 1),
(664, 98711, '01088-FLUSH', 1),
(665, 98711, '5210', 1),
(666, 98711, '01088-CABIN', 1),
(667, 98711, '9004A-91032', 4),
(668, 15576, '08880-83576', 1),
(669, 15576, '15601-BZ030', 1),
(670, 15576, '90430-GASKET', 1),
(671, 15576, '01088-INJCT', 1),
(672, 15576, '01088-BRAKE', 1),
(673, 7830, '08880-83576', 1),
(674, 7830, '15601-BZ030', 1),
(675, 7830, '90430-GASKET', 1),
(676, 7830, '01088-BRAKE', 1),
(677, 7830, '01088-CABIN', 1),
(678, 7830, '02088-INJCT', 1),
(679, 7830, '5210', 1),
(680, 7830, '08885-80929', 2),
(681, 7830, '08885-80930', 3),
(682, 7830, '12157-10010', 2),
(683, 7830, '90430-GEAR-A', 2),
(684, 78735, '08880-83352', 1),
(685, 78735, '08880-83351', 3),
(686, 78735, '90430-GASKET', 1),
(687, 78735, '90915-YZZD2-82', 1),
(688, 78735, '01088-INJDIS', 1),
(689, 78735, '01088-BRAKE', 1),
(690, 78735, '23390-YZZA1-82', 1),
(691, 78735, '5210', 1),
(692, 46083, '08880-83351', 3),
(693, 46083, '08880-83352', 1),
(694, 46083, '90915-YZZD2-82', 1),
(695, 46083, '90430-GASKET', 1),
(696, 46083, '23390-YZZA1-82', 1),
(697, 46083, '01088-BRAKE', 1),
(698, 46083, '5210', 1),
(699, 54811, '08880-83576', 1),
(700, 54811, '15601-BZ030', 1),
(701, 54811, '90430-GASKET', 1),
(702, 54811, '5210', 1),
(703, 54811, '02088-INJCT', 1),
(704, 54811, '01088-BRAKE', 1),
(705, 54811, '01088-FLUSH', 1),
(706, 10652, '08880-83576', 1),
(707, 10652, '90915-YZZZ1', 1),
(708, 10652, '90430-GASKET', 1),
(709, 10652, '08889-80100', 1),
(710, 47542, '08880-83576', 1),
(711, 47542, '15601-YZZT1', 1),
(712, 47542, '90430-GASKET', 1),
(713, 47542, '02088-INJCT', 1),
(714, 47542, '01088-BRAKE', 1),
(715, 47542, '01088-CABIN', 1),
(716, 47542, '17801-BZ050', 1),
(717, 47542, '04465-BZ170', 1),
(718, 13794, '08880-83352', 2),
(719, 13794, '90915-YZZD2-82', 1),
(720, 13794, '90430-GASKET', 1),
(721, 13794, '5210', 1),
(722, 13794, '23390-0L070-82', 1),
(723, 13794, '08889-80090', 1),
(724, 81169, '08880-83576', 1),
(725, 81169, '15601-YZZT1', 1),
(726, 81169, '90430-GASKET', 1),
(727, 81169, '08808-80060', 1),
(728, 81169, '04465-BZ170', 1),
(729, 81169, '01088-BRAKE', 1),
(730, 93984, '08880-83352', 2),
(731, 93984, '90915-YZZD2-82', 1),
(732, 93984, '90430-GASKET', 1),
(733, 93984, '01088-BRAKE', 1),
(734, 93984, '01088-INJDIS', 1),
(735, 93984, '01088-FLUSH', 1),
(736, 93984, '23390-0L070-82', 1),
(737, 68340, '08880-83576', 1),
(738, 68340, '15601-BZ030', 1),
(739, 68340, '90430-GASKET', 1),
(740, 68340, '01088-INJCT', 1),
(741, 68340, '5210', 1),
(742, 68340, '01088-BRAKE', 1),
(743, 69335, '08885-81300', 3),
(744, 69335, '12157-10010', 2),
(745, 14575, '08880-83576', 1),
(746, 14575, '15601-YZZT1', 1),
(747, 14575, '90430-GASKET', 1),
(748, 14575, '08823-80011', 2),
(749, 14575, '08885-80929', 2),
(750, 14575, '08885-80930', 2),
(751, 14575, '12157-10010', 2),
(752, 14575, '90430-GEAR-A', 2),
(753, 14575, '04465-BZ170', 1),
(754, 14575, '01088-CABIN', 1),
(755, 14575, '01088-BRAKE', 1),
(756, 39276, '08880-83576', 1),
(757, 39276, '90915-YZZE1-82', 1),
(758, 39276, '90430-GASKET', 1),
(759, 39276, '01088-INJCT', 1),
(760, 39276, '08885-80929', 3),
(761, 39276, '90430-GEAR-B', 2),
(762, 39276, '5210', 1),
(763, 73745, '08880-83576', 1),
(764, 73745, '90915-YZZE1-82', 1),
(765, 73745, '90430-GASKET', 1),
(766, 73745, '01088-INJCT', 1),
(767, 73745, '01088-BRAKE', 1),
(768, 73745, '01088-FLUSH', 1),
(769, 73745, '90919-T1002', 4),
(770, 18753, '08880-83576', 1),
(771, 18753, '15601-BZ030', 1),
(772, 18753, '90430-GASKET', 1),
(773, 18753, '5210', 1),
(774, 18753, '08885-80930', 2),
(775, 18753, '12157-10010', 2),
(776, 66645, '08880-83576', 1),
(777, 66645, '15601-BZ030', 1),
(778, 66645, '90430-GASKET', 1),
(779, 66645, '04465-BZ170', 1),
(780, 66645, '9004A-91032', 4),
(781, 72046, '08880-83576', 1),
(782, 72046, '08880-83575', 2),
(783, 72046, '90915-YZZD2-82', 1),
(784, 72046, '90430-GASKET', 1),
(785, 72046, '04465-0K100', 1),
(786, 72046, '5210', 1),
(787, 72046, '01088-CABIN', 1),
(788, 93384, '08880-83576', 1),
(789, 93384, '15601-BZ030', 1),
(790, 93384, '90430-GASKET', 1),
(791, 93384, '5210', 1),
(792, 93384, '85212-BZ210', 1),
(793, 93384, '85222-BZ220', 1),
(794, 93384, '04465-BZ170', 1),
(795, 93384, '08808-80060', 1),
(796, 31552, '04465-YZZS1', 1),
(797, 16696, '08880-83576', 1),
(798, 16696, '15601-YZZT1', 1),
(799, 16696, '90430-GASKET', 1),
(800, 16696, '04465-BZ170', 1),
(801, 16696, '01088-INJCT', 1),
(802, 16696, '01088-BRAKE', 1),
(803, 16696, '9004A-91032', 4),
(804, 10644, '08880-83576', 1),
(805, 10644, '15601-YZZT1', 1),
(806, 10644, '90430-GASKET', 1),
(807, 10644, '08823-80011', 2),
(808, 10644, '31250-BZ130', 1),
(809, 10644, '31210-BZ021', 1),
(810, 10644, '31230-BZ060', 1),
(811, 10644, '5210', 1),
(812, 90565, '08880-83352', 1),
(813, 90565, '08880-83351', 3),
(814, 90565, '90915-YZZD2-82', 1),
(815, 90565, '90430-GASKET', 1),
(816, 90565, '01088-FLUSH', 1),
(817, 90565, '01088-INJDIS', 1),
(818, 90565, '23390-YZZA1-82', 1),
(819, 90565, '04465-0K100', 1),
(820, 86965, '90049-51130', 2),
(821, 7842, '08880-83352', 1),
(822, 7842, '08880-83351', 2),
(823, 7842, '90430-GASKET', 1),
(824, 57987, '08880-83576', 1),
(825, 57987, '15601-YZZT1', 1),
(826, 57987, '90430-GASKET', 1),
(827, 57987, '01088-INJCT', 1),
(828, 57987, '04465-BZ170', 1),
(829, 16825, '08885-80929', 2),
(830, 16825, '90430-GEAR-B', 2),
(831, 16825, '08885-80930', 3),
(832, 16825, '12157-10010', 2),
(833, 77392, '08880-83576', 1),
(834, 77392, '90915-YZZD2-82', 1),
(835, 77392, '08880-83575', 2),
(836, 77392, '90430-GASKET', 1),
(837, 77392, '08808-80060', 2),
(838, 46529, '08880-83576', 1),
(839, 46529, '15601-BZ030', 1),
(840, 46529, '90430-GASKET', 1),
(841, 46529, '02088-INJCT', 1),
(842, 46529, '9004A-91032', 4),
(843, 46529, '08808-80060', 2),
(844, 63723, '17801-BZ050', 1),
(845, 52934, '08880-83576', 1),
(846, 52934, '90915-YZZE1-82', 1),
(847, 52934, '90430-GASKET', 1),
(848, 52934, '08808-80060', 2),
(849, 78376, '17801-BZ050', 1),
(850, 73042, '08880-83576', 1),
(851, 73042, '15601-BZ030', 1),
(852, 73042, '90430-GASKET', 1),
(853, 47199, '08880-83576', 1),
(854, 47199, '15601-BZ030', 1),
(855, 47199, '90430-GASKET', 1),
(856, 47199, '08885-80929', 2),
(857, 47199, '08885-80930', 4),
(858, 47199, '12157-10010', 2),
(859, 47199, '90430-GEAR-A', 2),
(860, 89669, '08880-83576', 1),
(861, 89669, '15601-BZ030', 1),
(862, 89669, '90430-GASKET', 1),
(863, 89669, '02088-INJCT', 1),
(864, 89669, '01088-BRAKE', 1),
(865, 89669, '01088-FLUSH', 1),
(866, 89669, '5210', 1),
(867, 5148, '08880-83575', 1),
(868, 50820, '08880-83576', 1),
(869, 34477, '08880-83576', 1),
(870, 34477, '90430-GASKET', 1),
(871, 34477, '15601-YZZT1', 1),
(872, 67273, '08880-83352', 2),
(873, 67273, '90915-YZZD2-82', 1),
(874, 67273, '90430-GASKET', 1),
(875, 67273, '5210', 1),
(876, 67273, '01088-FLUSH', 1),
(877, 67273, '01088-BRAKE', 1),
(878, 67273, '01088-CABIN', 1),
(879, 67273, '01088-INJDIS', 1),
(880, 67273, '08885-81300', 3),
(881, 67273, '12157-10010', 2),
(882, 67273, '23390-0L070-82', 1),
(883, 70354, '08880-83576', 1),
(884, 70354, '15601-YZZT1', 1),
(885, 70354, '90430-GASKET', 1),
(886, 70354, '01088-INJCT', 1),
(887, 70354, '01088-BRAKE', 1),
(888, 70354, '01088-FLUSH', 1),
(889, 70354, '04465-BZ170', 1),
(890, 75792, '08880-83576', 1),
(891, 75792, '90915-YZZZ1', 1),
(892, 75792, '90430-GASKET', 1),
(893, 75792, '01088-INJCT', 1),
(894, 75792, '01088-FLUSH', 1),
(895, 75792, '08808-80060', 1),
(896, 75792, '5210', 1),
(897, 83420, '31210-BZ021', 1),
(898, 83420, '31230-BZ060', 1),
(899, 83420, '31250-BZ130', 1),
(900, 6050, '08880-83576', 1),
(901, 6050, '15601-YZZT1', 1),
(902, 6050, '90430-GASKET', 1),
(903, 6050, '01088-FLUSH', 1),
(904, 6050, '01088-BRAKE', 1),
(905, 6050, '9004A-91032', 4),
(906, 6050, '04495-BZ011', 1),
(907, 99653, '08880-83576', 1),
(908, 99653, '90430-GASKET', 1),
(909, 99653, '15601-BZ030', 1),
(910, 99653, '5210', 1),
(911, 11416, '08880-83576', 1),
(912, 11416, '15601-YZZT1', 1),
(913, 11416, '90430-GASKET', 1),
(914, 11416, '5210', 1),
(915, 11416, '01088-BRAKE', 1),
(916, 11416, '01088-FLUSH', 1),
(917, 11416, '01088-CABIN', 1),
(918, 11416, '17801-BZ050', 1),
(919, 19877, '08880-83352', 2),
(920, 19877, '90915-YZZD2-82', 1),
(921, 19877, '90430-GASKET', 1),
(922, 19877, '04465-0K431', 1),
(923, 19877, '01088-BRAKE', 1),
(924, 19877, '01088-FLUSH', 1),
(925, 19877, '01088-INJDIS', 1),
(926, 19877, '5210', 1),
(927, 85650, '08880-83352', 1),
(928, 85650, '08880-83351', 3),
(929, 85650, '90915-YZZD2-82', 1),
(930, 85650, '90430-GASKET', 1),
(931, 85650, '01088-INJDIS', 1),
(932, 85650, '27415-0L030', 1),
(933, 87294, '08880-83576', 1),
(934, 87294, '15601-YZZT1', 1),
(935, 87294, '90430-GASKET', 1),
(936, 87294, '01088-INJCT', 1),
(937, 87294, '01088-FLUSH', 1),
(938, 87294, '01088-BRAKE', 1),
(939, 87294, '5210', 1),
(940, 40297, '08880-83575', 3),
(941, 40297, '90430-GASKET', 1),
(942, 40297, '15601-BZ030', 1),
(943, 40297, '01088-INJCT', 1),
(944, 40297, '01088-FLUSH', 1),
(945, 40297, '9004A-91065', 3),
(946, 40297, '08808-80060', 1),
(947, 40297, '08886-81813', 2),
(948, 298, '08880-83575', 2),
(949, 298, '08880-83576', 1),
(950, 298, '90915-YZZD2-82', 1),
(951, 298, '90430-GASKET', 1),
(952, 298, '5210', 1),
(953, 298, '01088-CABIN', 1),
(954, 298, '01088-BRAKE', 1),
(955, 298, '02088-INJCT', 1),
(956, 298, '08808-80060', 1),
(957, 298, '90919-T1004', 4),
(958, 298, '04465-0K100', 1),
(959, 11652, '08880-83576', 1),
(960, 11652, '15601-BZ030', 1),
(961, 11652, '90430-GASKET', 1),
(962, 11652, '02088-INJCT', 1),
(963, 11652, '5210', 1),
(964, 11652, '08808-80060', 1),
(965, 11652, '01088-CABIN', 1),
(966, 49458, '08880-83576', 1),
(967, 49458, '15601-YZZT1', 1),
(968, 49458, '90430-GASKET', 1),
(969, 49458, '88568-BZ040', 1),
(970, 49458, '01088-BRAKE', 1),
(971, 49458, '01088-FLUSH', 1),
(972, 49458, '01088-CABIN', 1),
(973, 49458, '5210', 1),
(974, 53870, '08880-83576', 1),
(975, 53870, '15601-YZZT1', 1),
(976, 53870, '90430-GASKET', 1),
(977, 53870, '08885-80929', 2),
(978, 53870, '08885-80930', 2),
(979, 53870, '12157-10010', 2),
(980, 53870, '90430-GEAR-A', 2),
(981, 53870, '9004A-91032', 4),
(982, 53870, '01088-BRAKE', 1),
(983, 77312, '08880-83576', 1),
(984, 77312, '90915-YZZZ1', 1),
(985, 77312, '90430-GASKET', 1),
(986, 77312, '01088-FLUSH', 1),
(987, 77312, '5210', 1),
(988, 38337, '08885-80929', 2),
(989, 38337, '08885-80930', 1),
(990, 38337, '12157-10010', 2),
(991, 38337, '90430-GEAR-A', 2),
(992, 38337, '04465-BZ170', 1),
(993, 40011, '08880-83352', 2),
(994, 40011, '90915-YZZD2-82', 1),
(995, 40011, '90430-GASKET', 1),
(996, 40011, '08808-80060', 1),
(997, 40011, '90049-51130', 1),
(998, 40011, '08886-81813', 1),
(999, 47036, '08880-83352', 1),
(1000, 47036, '08880-83351', 3),
(1001, 47036, '90430-GASKET', 1),
(1002, 47036, '90915-YZZD2-82', 1),
(1003, 47036, '08808-80060', 2),
(1004, 47036, '23390-YZZA1-82', 1),
(1005, 47036, '90430-GASKET', 1),
(1006, 31678, '08880-83352', 1),
(1007, 31678, '08880-83351', 3),
(1008, 31678, '90915-YZZD2-82', 1),
(1009, 31678, '90430-GASKET', 1),
(1010, 31678, '23390-YZZA1-82', 1),
(1011, 31678, '01088-INJDIS', 1),
(1012, 31678, '04465-0K100', 1),
(1013, 8406, '08880-83576', 1),
(1014, 8406, '08880-83575', 2),
(1015, 8406, '90915-YZZD2-82', 1),
(1016, 8406, '90430-GASKET', 1),
(1017, 8406, '04465-0K100', 1),
(1018, 8406, '08885-80929', 2),
(1019, 8406, '08885-80930', 3),
(1020, 8406, '12157-10010', 2),
(1021, 8406, '90430-GEAR-B', 2),
(1022, 8406, '01088-BRAKE', 1),
(1023, 8406, '01088-INJCT', 1),
(1024, 8406, '5210', 1),
(1025, 47866, '08880-83576', 1),
(1026, 47866, '90430-GASKET', 1),
(1027, 47866, '15601-YZZT1', 1),
(1028, 47866, '5210', 1),
(1029, 47866, '31210-BZ021', 1),
(1030, 47866, '31230-BZ060', 1),
(1031, 47866, '31250-BZ130', 1),
(1032, 47866, '01088-BRAKE', 1),
(1033, 47866, '01088-FLUSH', 1),
(1034, 47866, '02088-INJCT', 1),
(1035, 13670, '08880-83576', 1),
(1036, 13670, '15601-BZ030', 1),
(1037, 13670, '90430-GASKET', 1),
(1038, 13670, '04491-BZ030', 1),
(1039, 13670, '01088-BRAKE', 1),
(1040, 13670, '02088-INJCT', 1),
(1041, 13670, '08808-80060', 1),
(1042, 21305, '08880-83576', 1),
(1043, 21305, '08880-83575', 2),
(1044, 21305, '90915-YZZD2-82', 1),
(1045, 21305, '90430-GASKET', 1),
(1046, 21305, '08885-80929', 2),
(1047, 21305, '08885-80930', 3),
(1048, 21305, '12157-10010', 2),
(1049, 21305, '90430-GEAR-B', 2),
(1050, 56316, '08880-83576', 1),
(1051, 56316, '15601-BZ030', 1),
(1052, 56316, '90430-GASKET', 1),
(1053, 56316, '01088-BRAKE', 1),
(1054, 56316, '01088-CABIN', 1),
(1055, 56316, '01088-FLUSH', 1),
(1056, 56316, '02088-INJCT', 1),
(1057, 56316, '99132-21230-76', 1),
(1058, 27582, '08880-83576', 1),
(1059, 27582, '15601-YZZT1', 1),
(1060, 27582, '90430-GASKET', 1),
(1061, 27582, '01088-BRAKE', 1),
(1062, 27582, '01088-CABIN', 1),
(1063, 27582, '01088-FLUSH', 1),
(1064, 35642, '08880-83575', 2),
(1065, 35642, '08880-83576', 1),
(1066, 35642, '90430-GASKET', 1),
(1067, 35642, '90915-YZZD2-82', 1),
(1068, 35642, '08808-80060', 1),
(1069, 35642, '5210', 1),
(1070, 35642, '01088-CABIN', 1),
(1071, 35642, '02088-INJCT', 1),
(1072, 35642, '01088-BRAKE', 1),
(1073, 35642, '01088-FLUSH', 1),
(1074, 83590, '08886-81813', 1),
(1075, 83590, '08880-83352', 1),
(1076, 83590, '08880-83351', 3),
(1077, 83590, '90915-YZZD2-82', 1),
(1078, 83590, '23390-YZZA1-82', 1),
(1079, 83590, '90430-GASKET', 1),
(1080, 83590, '01088-CABIN', 1),
(1081, 97774, '08880-83575', 3),
(1082, 97774, '90430-GASKET', 1),
(1083, 97774, '01088-CABIN', 1),
(1084, 97774, '01088-BRAKE', 1),
(1085, 97774, '01088-FLUSH', 1),
(1086, 97774, '5210', 1),
(1087, 97774, '08886-81813', 2),
(1088, 97774, '02088-INJCT', 1),
(1089, 99190, '08880-83576', 1),
(1090, 99190, '15601-BZ030', 1),
(1091, 99190, '90430-GASKET', 1),
(1092, 99190, '01088-CABIN', 1),
(1093, 99190, '01088-BRAKE', 1),
(1094, 28884, '08880-83352', 2),
(1095, 28884, '90915-YZZD2-82', 1),
(1096, 28884, '90430-GASKET', 1),
(1097, 28884, '01088-INJDIS', 1),
(1098, 28884, '01088-BRAKE', 1),
(1099, 28884, '5210', 1),
(1100, 28884, '04465-0K431', 1),
(1101, 28884, '01088-CABIN', 1),
(1102, 28884, '08808-80060', 1),
(1103, 89372, '08880-83576', 1),
(1104, 89372, '15601-BZ030', 1),
(1105, 89372, '90430-GASKET', 1),
(1106, 89372, '5210', 1),
(1107, 89372, '01088-BRAKE', 1),
(1108, 89372, '01088-FLUSH', 1),
(1109, 89372, '01088-CABIN', 1),
(1110, 89372, '04465-BZ170', 1),
(1111, 89372, '85212-BZ210', 1),
(1112, 89372, '85222-BZ220', 1),
(1113, 40748, '08880-83576', 1),
(1114, 40748, '15601-BZ030', 1),
(1115, 40748, '90430-GASKET', 1),
(1116, 40748, '01088-CABIN', 1),
(1117, 40748, '02088-INJCT', 1),
(1118, 40748, '5210', 1),
(1119, 40748, '01088-BRAKE', 1),
(1120, 27262, '08880-83575', 2),
(1121, 27262, '08880-83576', 1),
(1122, 27262, '90915-YZZD2-82', 1),
(1123, 27262, '90430-GASKET', 1),
(1124, 27262, '04465-0K100', 1),
(1125, 27262, '08885-80930', 3),
(1126, 27262, '12157-10010', 2),
(1127, 27262, '01088-BRAKE', 1),
(1128, 27262, '01088-CABIN', 1),
(1129, 27262, '02088-INJCT', 1),
(1130, 51067, '08880-83352', 2),
(1131, 51067, '90915-YZZD2-82', 1),
(1132, 51067, '90430-GASKET', 1),
(1133, 51067, '08808-80060', 2),
(1134, 51067, '01088-BRAKE', 1),
(1135, 51067, '01088-INJDIS', 1),
(1136, 51067, '01088-CABIN', 1),
(1137, 51067, '04465-0K431', 1),
(1138, 51067, '01088-FLUSH', 1),
(1139, 65258, '08880-83574', 1),
(1140, 65258, '90915-YZZE1-82', 1),
(1141, 65258, '90430-GASKET', 1),
(1142, 65258, '01088-BRAKE', 1),
(1143, 65258, '02088-INJCT', 1),
(1144, 65258, '01088-CABIN', 1),
(1145, 65258, '90919-T1002', 4),
(1146, 41715, '08880-83576', 1),
(1147, 41715, '15601-BZ030', 1),
(1148, 41715, '90430-GASKET', 1),
(1149, 41715, '04465-BZ170', 1),
(1150, 41715, '01088-BRAKE', 1),
(1151, 41715, '01088-CABIN', 1),
(1152, 41715, '01088-FLUSH', 1),
(1153, 41715, '99132-21230-76', 1),
(1154, 41715, '5210', 1),
(1155, 41715, '31210-BZ021', 1),
(1156, 41715, '31230-BZ060', 1),
(1157, 41715, '31250-BZ130', 1),
(1158, 66982, '08880-83576', 1),
(1159, 66982, '15601-YZZT1', 1),
(1160, 66982, '90430-GASKET', 1),
(1161, 66982, '99132-21230-76', 1),
(1162, 66982, '04465-BZ170', 1),
(1163, 66982, '01088-BRAKE', 1),
(1164, 66982, '01088-CABIN', 1),
(1165, 66982, '01088-FLUSH', 1),
(1166, 22111, '08880-83576', 1),
(1167, 22111, '08889-80100', 2),
(1168, 22111, '08880-83575', 2),
(1169, 22111, '90915-YZZD2-82', 1),
(1170, 22111, '90430-GASKET', 1),
(1171, 22111, '01088-CABIN', 1),
(1172, 10609, '08880-83576', 1),
(1173, 10609, '90430-GASKET', 1),
(1174, 10609, '08886-81620', 1),
(1175, 10609, '90915-YZZE1-82', 1),
(1176, 10609, '01088-BRAKE', 1),
(1177, 10609, '01088-CABIN', 1),
(1178, 10609, '02088-INJCT', 1),
(1179, 26142, '08880-83576', 1),
(1180, 26142, '90430-GASKET', 1),
(1181, 26142, '01088-BRAKE', 1),
(1182, 26142, '15601-BZ030', 1),
(1183, 26142, '01088-CABIN', 1),
(1184, 26142, '5210', 1),
(1185, 26142, '08808-80060', 1),
(1186, 26142, '08885-80929', 3),
(1187, 26142, '90430-GEAR-A', 2),
(1188, 25387, '08880-83576', 1),
(1189, 25387, '15601-BZ030', 1),
(1190, 25387, '90430-GASKET', 1),
(1191, 25387, '01088-BRAKE', 1),
(1192, 25387, '08885-80929', 2),
(1193, 25387, '08885-80930', 3),
(1194, 25387, '5210', 1),
(1195, 25387, '01088-CABIN', 1),
(1196, 25387, '08823-80011', 2),
(1197, 25387, '04465-BZ170', 1),
(1198, 25387, '90430-GEAR-A', 2),
(1199, 25387, '12157-10010', 2),
(1200, 72006, '85212-BZ210', 1),
(1201, 72006, '85222-BZ220', 1),
(1202, 74512, '08808-80060', 1),
(1203, 74512, '85212-BZ210', 1),
(1204, 74512, '85222-BZ220', 1),
(1205, 1951, '08880-83576', 1),
(1206, 1951, '15601-YZZT1', 1),
(1207, 1951, '90430-GASKET', 1),
(1208, 1951, '01088-BRAKE', 1),
(1209, 1951, '08808-80060', 1),
(1210, 1951, '85212-BZ210', 1),
(1211, 1951, '85222-BZ220', 1),
(1212, 1951, '08885-80929', 2),
(1213, 1951, '08885-80930', 2),
(1214, 1951, '90430-GEAR-A', 2),
(1215, 1951, '12157-10010', 2),
(1216, 1951, '99132-21230-76', 1),
(1217, 1951, '04495-BZ011', 1),
(1218, 9995, '31210-BZ021', 1),
(1219, 9995, '31230-BZ060', 1),
(1220, 9995, '31250-BZ130', 1),
(1221, 9995, '08880-83576', 1),
(1222, 9995, '15601-YZZT1', 1),
(1223, 9995, '90430-GASKET', 1),
(1224, 9995, '08885-80929', 2),
(1225, 9995, '08885-80930', 2),
(1226, 9995, '12157-10010', 2),
(1227, 9995, '90430-GEAR-A', 2),
(1228, 88602, '08880-83576', 1),
(1229, 88602, '15601-BZ030', 1),
(1230, 88602, '90430-GASKET', 1),
(1231, 88602, '5210', 1),
(1232, 88602, '01088-BRAKE', 1),
(1233, 88602, '01088-FLUSH', 1),
(1234, 88602, '85212-BZ210', 1),
(1235, 88602, '85222-BZ220', 1),
(1236, 88602, '08885-80929', 2),
(1237, 88602, '08885-80930', 4),
(1238, 88602, '12157-10010', 2),
(1239, 88602, '90430-GEAR-A', 2),
(1240, 88602, '04465-BZ170', 1),
(1241, 20843, '08880-83576', 1),
(1242, 20843, '15601-BZ030', 1),
(1243, 20843, '90430-GASKET', 1),
(1244, 20843, '01088-BRAKE', 1),
(1245, 20843, '04465-BZ170', 1),
(1246, 20843, '08885-80929', 2),
(1247, 20843, '08885-80930', 4),
(1248, 20843, '90430-GEAR-A', 2),
(1249, 20843, '12157-10010', 2),
(1250, 20843, '85212-BZ210', 1),
(1251, 20843, '85222-BZ220', 1),
(1252, 20711, '08880-83352', 2),
(1253, 20711, '90915-YZZD2-82', 1),
(1254, 20711, '90430-GASKET', 1),
(1255, 20711, '01088-BRAKE', 1),
(1256, 20711, '08885-81300', 3),
(1257, 20711, '08885-81310', 2),
(1258, 20711, '12157-10010', 2),
(1259, 20711, '90430-GEAR-B', 2),
(1260, 61122, '08880-83576', 1),
(1261, 61122, '08880-83575', 2),
(1262, 61122, '90915-YZZD2-82', 1),
(1263, 61122, '90430-GASKET', 1),
(1264, 61122, '01088-BRAKE', 1),
(1265, 61122, '5210', 1),
(1266, 61122, '08885-81310', 2),
(1267, 61122, '08885-81300', 3),
(1268, 61122, '90430-GEAR-B', 2),
(1269, 61122, '12157-10010', 2),
(1270, 61122, '90049-51130', 2),
(1271, 78810, '08880-83576', 1),
(1272, 78810, '90915-YZZD2-82', 1),
(1273, 7148, '08880-83576', 1),
(1274, 7148, '15601-BZ030', 1),
(1275, 7148, '90430-GASKET', 1),
(1276, 7148, '01088-BRAKE', 1),
(1277, 7148, '08886-81813', 3),
(1278, 7148, '5210', 1),
(1279, 7148, '02088-INJCT', 1),
(1280, 86501, '08880-83576', 1),
(1281, 86501, '90915-YZZE1-82', 1),
(1282, 86501, '90430-GASKET', 1),
(1283, 86501, '01088-BRAKE', 1),
(1284, 86501, '02088-INJCT', 1),
(1285, 86501, '5210', 1),
(1286, 66393, '08880-83576', 2),
(1287, 82731, '08823-80011', 2),
(1288, 70674, '08880-83576', 1),
(1289, 70674, '15601-YZZT1', 1),
(1290, 70674, '90430-GASKET', 1),
(1291, 70674, '01088-FLUSH', 1),
(1292, 70674, '01088-BRAKE', 1),
(1293, 70674, '01088-INJCT', 1),
(1294, 70674, '04465-BZ170', 1),
(1295, 70674, '08808-80060', 2),
(1296, 16550, '08880-83576', 1),
(1297, 16550, '15601-YZZT1', 1),
(1298, 16550, '90430-GASKET', 1),
(1299, 16550, '5210', 1),
(1300, 16550, '85212-BZ210', 1),
(1301, 16550, '85222-BZ220', 1),
(1302, 16550, '08808-80060', 1),
(1303, 16550, '01088-BRAKE', 1),
(1304, 16550, '01088-FLUSH', 1),
(1305, 16550, '01088-INJCT', 1),
(1306, 91711, '08880-83352', 2),
(1307, 91711, '90915-YZZD2-82', 1),
(1308, 91711, '90430-GASKET', 1),
(1309, 91711, '5210', 1),
(1310, 91711, '08885-81300', 3),
(1311, 91711, '12157-10010', 2),
(1312, 91711, '01088-BRAKE', 1),
(1313, 91711, '01088-CABIN', 1),
(1314, 91711, '01088-INJDIS', 1),
(1315, 97991, '08880-83576', 1),
(1316, 97991, '90430-GASKET', 1),
(1317, 97991, '08885-80929', 2),
(1318, 97991, '08885-80930', 4),
(1319, 97991, '15601-BZ030', 1),
(1320, 97991, '90430-GEAR-A', 2),
(1321, 97991, '12157-10010', 2),
(1322, 97991, '85212-BZ210', 1),
(1323, 97991, '85222-BZ220', 1),
(1324, 97991, '02088-INJCT', 1),
(1325, 97991, '01088-BRAKE', 1),
(1326, 97991, '01088-FLUSH', 1),
(1327, 9113, '08880-83351', 3),
(1328, 9113, '08880-83352', 1),
(1329, 9113, '90915-YZZD2-82', 1),
(1330, 9113, '90430-GASKET', 1),
(1331, 9113, '90430-GEAR-B', 2),
(1332, 9113, '12157-10010', 2),
(1333, 9113, '08885-80929', 2),
(1334, 9113, '08885-80930', 3),
(1335, 9113, '01088-CABIN', 1),
(1336, 9113, '08808-80060', 1),
(1337, 9113, '08823-80011', 2),
(1338, 11204, '08880-83576', 1),
(1339, 11204, '15601-YZZT1', 1),
(1340, 11204, '90430-GASKET', 1),
(1341, 11204, '5210', 1),
(1342, 11204, '9004A-91032', 4),
(1343, 11204, '88568-BZ040', 1),
(1344, 11204, '01088-CABIN', 1),
(1345, 11204, '85212-BZ210', 1),
(1346, 11204, '85222-BZ220', 1),
(1347, 11204, '08823-80011', 2),
(1348, 11204, '08885-80930', 2),
(1349, 11204, '08885-80929', 2),
(1350, 11204, '90430-GEAR-A', 2),
(1351, 11204, '12157-10010', 2),
(1352, 34200, '08880-83352', 2),
(1353, 34200, '90915-YZZD2-82', 1),
(1354, 34200, '90430-GASKET', 1),
(1355, 34200, '01088-CABIN', 1),
(1356, 34200, '01088-BRAKE', 1),
(1357, 34200, '01088-INJDIS', 1),
(1358, 34200, '08885-81300', 3),
(1359, 34200, '12157-10010', 2),
(1360, 34200, '08808-80060', 1),
(1361, 15911, '23390-0L070-82', 1),
(1362, 15911, '08880-83352', 2),
(1363, 15911, '90915-YZZD2-82', 1),
(1364, 15911, '90430-GASKET', 1),
(1365, 15911, '08885-81300', 3),
(1366, 15911, '01088-BRAKE', 1),
(1367, 15911, '12157-10010', 2),
(1368, 96143, '08880-83575', 2),
(1369, 96143, '08880-83576', 1),
(1370, 96143, '90430-GASKET', 1),
(1371, 96143, '90915-YZZD2-82', 1),
(1372, 96143, '5210', 1),
(1373, 96143, '04465-0K100', 1),
(1374, 96143, '01088-BRAKE', 1),
(1375, 96143, '01088-CABIN', 1),
(1376, 96143, '08808-80060', 2),
(1377, 83780, '08880-83576', 1),
(1378, 83780, '15601-BZ030', 1),
(1379, 83780, '90430-GASKET', 1),
(1380, 83780, '5210', 1),
(1381, 83780, '01088-BRAKE', 1),
(1382, 83780, '01088-CABIN', 1),
(1383, 83780, '01088-FLUSH', 1),
(1384, 83780, '85212-BZ210', 1),
(1385, 83780, '85222-BZ220', 1),
(1386, 83780, '08808-80060', 1),
(1387, 45319, '08880-83576', 1),
(1388, 45319, '04465-BZ170', 1),
(1389, 45319, '15601-BZ030', 1),
(1390, 45319, '5210', 1),
(1391, 45319, '08885-80930', 2),
(1392, 45319, '08885-80929', 2),
(1393, 45319, '12157-10010', 2),
(1394, 45319, '90430-GEAR-A', 2),
(1395, 45319, '01088-BRAKE', 1),
(1396, 45319, '01088-CABIN', 1),
(1397, 40759, '08880-83576', 1),
(1398, 40759, '15601-YZZT1', 1),
(1399, 40759, '90430-GASKET', 1),
(1400, 40759, '5210', 1),
(1401, 40759, '9004A-91016', 4),
(1402, 86190, '08880-83352', 1),
(1403, 86190, '08880-83351', 3),
(1404, 86190, '90915-YZZD2-82', 1),
(1405, 86190, '90430-GASKET', 1),
(1406, 86190, '5210', 1),
(1407, 86190, '04465-0K100', 1),
(1408, 86190, '01088-BRAKE', 1),
(1409, 86190, '01088-CABIN', 1),
(1410, 86190, '01088-INJDIS', 1),
(1411, 58882, '08880-83576', 1),
(1412, 58882, '15601-BZ030', 1),
(1413, 58882, '90430-GASKET', 1),
(1414, 58882, '5210', 1),
(1415, 58882, '01088-BRAKE', 1),
(1416, 58882, '01088-FLUSH', 1),
(1417, 56335, '08880-83352', 1),
(1418, 56335, '08880-83351', 3),
(1419, 56335, '90915-YZZD2-82', 1),
(1420, 56335, '90430-GASKET', 1),
(1421, 56335, '5210', 1),
(1422, 56335, '04465-0K100', 1),
(1423, 56335, '01088-BRAKE', 1),
(1424, 56335, '01088-CABIN', 1),
(1425, 56335, '01088-INJDIS', 1),
(1426, 52798, '08880-83352', 2),
(1427, 52798, '08880-83351', 2),
(1428, 52798, '90430-GASKET', 1),
(1429, 63737, '08880-83576', 1),
(1430, 63737, '15601-YZZT1', 1),
(1431, 63737, '04465-BZ170', 1),
(1432, 63737, '90430-GASKET', 1),
(1433, 63737, '5210', 1),
(1434, 63737, '9004A-91032', 4),
(1435, 63737, '88568-BZ040', 1),
(1436, 63737, '08808-80060', 2),
(1437, 63737, '08885-80929', 2),
(1438, 63737, '08885-80930', 2),
(1439, 63737, '12157-10010', 2),
(1440, 63737, '90430-GEAR-A', 2),
(1441, 86955, '08880-83576', 1),
(1442, 86955, '15601-YZZT1', 1),
(1443, 86955, '01088-INJCT', 1),
(1444, 86955, '90430-GASKET', 1),
(1445, 86955, '01088-BRAKE', 1),
(1446, 86955, '08886-81813', 1),
(1447, 86955, '9004A-91032', 4),
(1448, 86955, '88568-BZ040', 1),
(1449, 15590, '08880-83574', 1),
(1450, 15590, '90915-YZZE1-82', 1),
(1451, 15590, '90430-GASKET', 1),
(1452, 36382, '08880-83576', 1),
(1453, 36382, '15601-YZZT1', 1),
(1454, 36382, '90430-GASKET', 1),
(1455, 36382, '01088-BRAKE', 1),
(1456, 36382, '08823-80011', 2),
(1457, 36382, '08808-80060', 2),
(1458, 70363, '08880-83575', 3),
(1459, 70363, '15601-BZ030', 1),
(1460, 70363, '90430-GASKET', 1),
(1461, 70363, '01088-BRAKE', 1),
(1462, 70363, '01088-CABIN', 1),
(1463, 70363, '01088-FLUSH', 1),
(1464, 99599, '08880-83576', 1),
(1465, 99599, '90915-YZZZ1', 1),
(1466, 99599, '90430-GASKET', 1),
(1467, 99599, '08823-80011', 2),
(1468, 99599, '5210', 1),
(1469, 23519, '08880-83574', 1),
(1470, 23519, '15601-BZ030', 1),
(1471, 23519, '90430-GASKET', 1),
(1472, 23519, '01088-BRAKE', 1),
(1473, 23519, '01088-CABIN', 1),
(1474, 23519, '01088-FLUSH', 1),
(1475, 23519, '88568-BZ050', 1),
(1476, 23519, '85212-BZ210', 1),
(1477, 23519, '85222-BZ220', 1),
(1478, 23519, '08808-80060', 1),
(1479, 23519, '08823-80011', 2),
(1480, 91105, '08880-83576', 1),
(1481, 91105, '88568-BZ050', 1),
(1482, 91105, '15601-BZ030', 1),
(1483, 91105, '90430-GASKET', 1),
(1484, 91105, '01088-BRAKE', 1),
(1485, 91105, '08885-80930', 4),
(1486, 91105, '12157-10010', 2),
(1487, 91105, '08885-80929', 2),
(1488, 91105, '90430-GEAR-A', 2),
(1489, 91105, '5210', 1),
(1490, 91105, '01088-INJCT', 1),
(1491, 91105, '01088-CABIN', 1),
(1492, 91105, '85212-BZ210', 1),
(1493, 91105, '85222-BZ220', 1),
(1494, 45908, '08880-83576', 1),
(1495, 45908, '04465-BZ170', 1),
(1496, 45908, '15601-YZZT1', 1),
(1497, 45908, '90430-GASKET', 1),
(1498, 45908, '17801-BZ050', 1),
(1499, 45908, '01088-BRAKE', 1),
(1500, 45908, '01088-CABIN', 1),
(1501, 45908, '9004A-91032', 4),
(1502, 45908, '85212-BZ210', 1),
(1503, 45908, '85222-BZ220', 1),
(1504, 95012, '08880-83574', 1),
(1505, 95012, '15601-BZ030', 1),
(1506, 95012, '90430-GASKET', 1),
(1507, 95012, '5210', 1),
(1508, 95012, '01088-BRAKE', 1),
(1509, 95012, '01088-CABIN', 1),
(1510, 95012, '02088-INJCT', 1),
(1511, 95012, '08885-80930', 3),
(1512, 95012, '08885-80929', 2),
(1513, 95012, '12157-10010', 2),
(1514, 95012, '90430-GEAR-A', 2),
(1515, 28406, '08880-83576', 1),
(1516, 28406, '15601-YZZT1', 1),
(1517, 28406, '90430-GASKET', 1),
(1518, 28406, '08885-80929', 2),
(1519, 28406, '08885-80930', 3),
(1520, 28406, '12157-10010', 2),
(1521, 28406, '90430-GEAR-A', 2),
(1522, 28406, '99132-21230-76', 2),
(1523, 28406, '99132-12050', 1),
(1524, 28406, '08823-80011', 2),
(1525, 78165, '08880-83352', 2),
(1526, 78165, '90915-YZZD2-82', 1),
(1527, 78165, '90430-GASKET', 1),
(1528, 78165, '04465-0K431', 1),
(1529, 78165, '99132-12050', 1),
(1530, 78165, '01088-BRAKE', 1),
(1531, 78165, '01088-INJDIS', 1),
(1532, 78165, '08885-81300', 3),
(1533, 78165, '12157-10010', 2),
(1534, 78165, '90430-GEAR-B', 2),
(1535, 78165, '08885-81310', 2),
(1536, 84313, '08880-83576', 1),
(1537, 84313, '08880-83575', 2),
(1538, 84313, '01088-INJCT', 1),
(1539, 84313, '90915-YZZD2-82', 1),
(1540, 84313, '90430-GASKET', 1),
(1541, 84313, '01088-BRAKE', 1),
(1542, 84313, '08823-80011', 2),
(1543, 84313, '90919-T1004', 4),
(1544, 84313, '04465-0K100', 1),
(1545, 84313, '08808-80060', 2),
(1546, 84313, '99132-21230-76', 2),
(1547, 84313, '99132-12050', 1),
(1548, 71704, '08880-83576', 1),
(1549, 71704, '90915-YZZE1-82', 1),
(1550, 71704, '90430-GASKET', 1),
(1551, 71704, '5210', 1),
(1552, 71704, '90919-T1002', 4),
(1553, 71704, '02088-INJCT', 1),
(1554, 71704, '01088-BRAKE', 1),
(1555, 71704, '01088-CABIN', 1),
(1556, 71704, '08808-80060', 1),
(1557, 71704, '87139-06080-82', 1),
(1558, 40162, '08880-83609', 1),
(1559, 40162, '90915-YZZE1-82', 1),
(1560, 40162, '90430-GASKET', 1),
(1561, 40162, '08886-81620', 1),
(1562, 40162, '01088-BRAKE', 1),
(1563, 40162, '01088-CABIN', 1),
(1564, 40162, '5210', 1),
(1565, 14819, '08880-83351', 3),
(1566, 14819, '08880-83352', 1),
(1567, 14819, '90915-YZZD2-82', 1),
(1568, 14819, '5210', 1),
(1569, 14819, '01088-BRAKE', 1),
(1570, 14819, '04465-0K100', 1),
(1571, 14819, '01088-CABIN', 1),
(1572, 14819, '87139-06080-82', 1),
(1573, 14819, '08886-81813', 1),
(1574, 14819, '85220-YZZD4', 1),
(1575, 14819, '85222-BZ010', 1),
(1576, 43230, '08880-83352', 1),
(1577, 43230, '08880-83351', 3),
(1578, 43230, '90915-YZZD2-82', 1),
(1579, 43230, '90430-GASKET', 1),
(1580, 43230, '01088-INJDIS', 1),
(1581, 43230, '01088-BRAKE', 1),
(1582, 43230, '01088-FLUSH', 1),
(1583, 43230, '04465-0K100', 1),
(1584, 43230, '08885-80930', 3),
(1585, 43230, '12157-10010', 2),
(1586, 43230, '08886-80705', 1),
(1587, 43230, '5210', 1),
(1588, 43230, '08808-80060', 1),
(1589, 43230, '08823-80011', 2),
(1590, 43230, '17801-YZZA1', 1),
(1591, 43230, '23390-YZZA1-82', 1),
(1592, 24060, '08880-83352', 2),
(1593, 24060, '90915-YZZD2-82', 1),
(1594, 24060, '90430-GASKET', 1),
(1595, 24060, '01088-CABIN', 1),
(1596, 24060, '01088-BRAKE', 1),
(1597, 32052, '08880-83574', 1),
(1598, 32052, '08880-83573', 1),
(1599, 32052, '04152-YZZA1-82', 1),
(1600, 32052, '90430-GASKET', 1),
(1601, 21643, '08880-83352', 2),
(1602, 21643, '90915-YZZD2-82', 1),
(1603, 21643, '90430-GASKET', 1),
(1604, 21643, '04465-0K431', 1),
(1605, 21643, '23390-0L070-82', 1),
(1606, 21643, '08885-81300', 3),
(1607, 21643, '12157-10010', 2),
(1608, 86981, '08880-83576', 1),
(1609, 86981, '15601-YZZT1', 1),
(1610, 86981, '90430-GASKET', 1),
(1611, 86981, '5210', 1),
(1612, 86981, '31210-BZ021', 1),
(1613, 86981, '31230-BZ060', 1),
(1614, 86981, '31250-BZ130', 1),
(1615, 86981, '01088-BRAKE', 1),
(1616, 86981, '02088-INJCT', 1),
(1617, 86981, '9004A-91032', 4),
(1618, 17537, '08880-83576', 1),
(1619, 17537, '90915-YZZE1-82', 1),
(1620, 17537, '5210', 1),
(1621, 17537, '90919-T1002', 4),
(1622, 17537, '99132-21230-76', 1),
(1623, 17537, '02088-INJCT', 1),
(1624, 17537, '90430-GASKET', 1),
(1625, 54711, '08880-83576', 1),
(1626, 54711, '15601-YZZT1', 1),
(1627, 54711, '90430-GASKET', 1),
(1628, 54711, '01088-BRAKE', 1),
(1629, 54711, '5210', 1),
(1630, 21623, '99132-12050', 1),
(1631, 21623, '99132-21230-76', 1),
(1632, 60589, '08880-83576', 1),
(1633, 60589, '15601-YZZT1', 1),
(1634, 60589, '90430-GASKET', 1),
(1635, 60589, '01088-BRAKE', 1),
(1636, 60589, '01088-CABIN', 1),
(1637, 60589, '01088-FLUSH', 1),
(1638, 60589, '17801-BZ050', 1),
(1639, 60589, '99132-21230-76', 1),
(1640, 60589, '9004A-91032', 4),
(1641, 60589, '90430-GASKET', 1),
(1642, 60589, '5210', 1),
(1643, 63551, '08880-83576', 1),
(1644, 63551, '90430-GASKET', 1),
(1645, 63551, '15601-YZZT1', 1),
(1646, 63551, '17801-BZ050', 1),
(1647, 63551, '04465-BZ170', 1),
(1648, 63551, '99132-12050', 1);
INSERT INTO `rincian_transaksi_keluar` (`kode_rincian_keluar`, `kode_transaksi_keluar`, `kode_part`, `qty_keluar`) VALUES
(1649, 63551, '99132-21230-76', 1),
(1650, 26928, '08880-83576', 1),
(1651, 26928, '90430-GASKET', 1),
(1652, 26928, '15601-BZ030', 1),
(1653, 26928, '01088-BRAKE', 1),
(1654, 26928, '01088-CABIN', 1),
(1655, 26928, '08808-80060', 1),
(1656, 26928, '02088-INJCT', 1),
(1657, 26928, '04465-BZ170', 1),
(1658, 78418, '08880-83576', 1),
(1659, 78418, '15601-BZ030', 1),
(1660, 78418, '90430-GASKET', 1),
(1661, 78418, '01088-BRAKE', 1),
(1662, 78418, '04465-BZ170', 1),
(1663, 78418, '85212-BZ210', 1),
(1664, 78418, '85222-BZ220', 1),
(1665, 78418, '08808-80060', 1),
(1666, 81361, '08880-83609', 1),
(1667, 81361, '15601-BZ030', 1),
(1668, 81361, '90430-GASKET', 1),
(1669, 81361, '5210', 1),
(1670, 81361, '31210-BZ021', 1),
(1671, 81361, '31230-BZ060', 1),
(1672, 81361, '31250-BZ130', 1),
(1673, 81361, '01088-BRAKE', 1),
(1674, 81361, '02088-INJCT', 1),
(1675, 71516, '08880-83576', 1),
(1676, 71516, '15601-YZZT1', 1),
(1677, 71516, '90430-GASKET', 1),
(1678, 71516, '5210', 1),
(1679, 71516, '01088-BRAKE', 1),
(1680, 71516, '01088-CABIN', 1),
(1681, 71516, '01088-FLUSH', 1),
(1682, 71516, '9004A-91032', 4),
(1683, 1376, '08880-83576', 1),
(1684, 1376, '15601-BZ030', 1),
(1685, 1376, '90430-GASKET', 1),
(1686, 1376, '5210', 1),
(1687, 1376, '01088-BRAKE', 1),
(1688, 1376, '01088-CABIN', 1),
(1689, 1376, '17801-BZ150', 1),
(1690, 1376, '04465-BZ170', 1),
(1691, 38246, '08880-83576', 1),
(1692, 38246, '15601-BZ030', 1),
(1693, 38246, '90430-GASKET', 1),
(1694, 38246, '01088-BRAKE', 1),
(1695, 38246, '01088-CABIN', 1),
(1696, 38246, '02088-INJCT', 1),
(1697, 38246, '17801-BZ150', 1),
(1698, 38246, '85212-BZ210', 1),
(1699, 38246, '85222-BZ220', 1),
(1700, 31664, '08880-83351', 3),
(1701, 31664, '08880-83352', 1),
(1702, 31664, '90430-GASKET', 1),
(1703, 31664, '23390-YZZA1-82', 1),
(1704, 31664, '04465-0K100', 1),
(1705, 31664, '90915-YZZD2-82', 1),
(1706, 58682, '08880-83575', 3),
(1707, 58682, '15601-BZ030', 1),
(1708, 58682, '90430-GASKET', 1),
(1709, 58682, '01088-FLUSH', 1),
(1710, 69321, '08880-83575', 3),
(1711, 69321, '15601-BZ030', 1),
(1712, 69321, '90430-GASKET', 1),
(1713, 69321, '01088-FLUSH', 1),
(1714, 69321, '01088-BRAKE', 1),
(1715, 21826, '08880-83576', 1),
(1716, 21826, '15601-BZ030', 1),
(1717, 21826, '90430-GASKET', 1),
(1718, 21826, '01088-FLUSH', 1),
(1719, 21826, '04465-BZ170', 1),
(1720, 21826, '01088-CABIN', 1),
(1721, 434, '08880-83576', 1),
(1722, 434, '15601-BZ030', 1),
(1723, 434, '90430-GASKET', 1),
(1724, 434, '01088-BRAKE', 1),
(1725, 434, '01088-CABIN', 1),
(1726, 434, '01088-FLUSH', 1),
(1727, 434, '85212-BZ210', 1),
(1728, 434, '85222-BZ220', 1),
(1729, 434, '08808-80060', 1),
(1730, 39623, '08880-83575', 3),
(1731, 39623, '15601-BZ030', 1),
(1732, 39623, '90430-GASKET', 1),
(1733, 39623, '9004A-91065', 3),
(1734, 39623, '08808-80060', 1),
(1735, 39623, '01088-BRAKE', 1),
(1736, 76128, '08880-83576', 1),
(1737, 76128, '90915-YZZE1-82', 1),
(1738, 76128, '90430-GASKET', 1),
(1739, 76128, '01088-FLUSH', 1),
(1740, 77274, '08880-83575', 3),
(1741, 77274, '15601-BZ030', 1),
(1742, 77274, '01088-FLUSH', 1),
(1743, 77274, '90430-GASKET', 1),
(1744, 77274, '9004A-91065', 3),
(1745, 77274, '01088-CABIN', 1),
(1746, 5936, '08880-83576', 1),
(1747, 5936, '08880-83575', 2),
(1748, 5936, '90915-YZZD2-82', 1),
(1749, 5936, '5210', 1),
(1750, 5936, '90919-T1004', 4),
(1751, 5936, '01088-FLUSH', 1),
(1752, 5936, '04465-0K100', 1),
(1753, 54714, '08880-83352', 2),
(1754, 54714, '90915-YZZD2-82', 1),
(1755, 54714, '90430-GASKET', 1),
(1756, 54714, '01088-INJDIS', 1),
(1757, 54714, '23390-0L070-82', 1),
(1758, 74920, '08880-83352', 1),
(1759, 74920, '08880-83351', 3),
(1760, 74920, '90915-YZZD2-82', 1),
(1761, 74920, '90430-GASKET', 1),
(1762, 74920, '01088-INJDIS', 1),
(1763, 74920, '01088-CABIN', 1),
(1764, 74920, '5210', 1),
(1765, 74920, '08885-80930', 3),
(1766, 74920, '08885-80929', 2),
(1767, 74920, '90430-GEAR-B', 2),
(1768, 74920, '12157-10010', 2),
(1769, 79789, '08880-83576', 1),
(1770, 79789, '15601-BZ030', 1),
(1771, 79789, '90430-GASKET', 1),
(1772, 79789, '02088-INJCT', 1),
(1773, 79789, '01088-FLUSH', 1),
(1774, 79789, '08885-80930', 4),
(1775, 79789, '08885-80929', 2),
(1776, 79789, '90430-GASKET', 1),
(1777, 79789, '90430-GEAR-A', 2),
(1778, 79789, '5210', 1),
(1779, 9475, '08880-83576', 1),
(1780, 9475, '08880-83575', 2),
(1781, 9475, '90915-YZZD2-82', 1),
(1782, 9475, '90919-T1004', 4),
(1783, 9475, '90430-GASKET', 1),
(1784, 9475, '01088-FLUSH', 1),
(1785, 9475, '01088-INJCT', 1),
(1786, 9475, '04465-0K100', 1),
(1787, 9475, '17801-YZZA1', 1),
(1788, 31394, '08880-83576', 1),
(1789, 31394, '08880-83575', 2),
(1790, 31394, '90915-YZZD2-82', 1),
(1791, 31394, '01088-FLUSH', 1),
(1792, 31394, '17801-YZZA1', 1),
(1793, 31394, '01088-CABIN', 1),
(1794, 31394, '90430-GASKET', 1),
(1795, 31125, '08880-83573', 3),
(1796, 31125, '15601-BZ030', 1),
(1797, 31125, '90430-GASKET', 1),
(1798, 31125, '01088-FLUSH', 1),
(1799, 29128, '08880-83576', 1),
(1800, 29128, '08880-83575', 2),
(1801, 29128, '90915-YZZD2-82', 1),
(1802, 29128, '90430-GASKET', 1),
(1803, 29128, '01088-FLUSH', 1),
(1804, 29128, '02088-INJCT', 1),
(1805, 29128, '08889-80090', 1),
(1806, 29128, '08889-80100', 2),
(1807, 25183, '08880-83352', 2),
(1808, 25183, '90915-YZZD2-82', 1),
(1809, 25183, '90430-GASKET', 1),
(1810, 25183, '08885-81300', 3),
(1811, 25183, '12157-10010', 2),
(1812, 25183, '01088-INJDIS', 1),
(1813, 25183, '08808-80060', 1),
(1814, 3654, '08880-83576', 1),
(1815, 3654, '15601-BZ030', 1),
(1816, 3654, '90430-GASKET', 1),
(1817, 3654, '99132-21230-76', 1),
(1818, 3654, '01088-FLUSH', 1),
(1819, 3654, '02088-INJCT', 1),
(1820, 753, '08880-83576', 1),
(1821, 753, '15601-BZ030', 1),
(1822, 753, '90430-GASKET', 1),
(1823, 753, '88568-BZ050', 1),
(1824, 753, '04465-BZ170', 1),
(1825, 753, '31210-BZ021', 1),
(1826, 753, '31230-BZ060', 1),
(1827, 753, '31250-BZ130', 1),
(1828, 753, '5210', 1),
(1829, 54132, '08880-83576', 1),
(1830, 54132, '08880-83575', 2),
(1831, 54132, '90915-YZZD2-82', 1),
(1832, 54132, '90430-GASKET', 1),
(1833, 54132, '08889-80090', 1),
(1834, 54132, '08889-80100', 1),
(1835, 54132, '02088-INJCT', 1),
(1836, 54132, '01088-FLUSH', 1),
(1837, 84226, '08880-83576', 1),
(1838, 84226, '90915-YZZE1-82', 1),
(1839, 84226, '90430-GASKET', 1),
(1840, 84226, '90049-51130', 1),
(1841, 31181, '23390-YZZA1-82', 1),
(1842, 31181, '08886-81813', 1),
(1843, 11173, '08880-83576', 1),
(1844, 11173, '90915-YZZE1-82', 1),
(1845, 11173, '90430-GASKET', 1),
(1846, 39331, '08880-83576', 1),
(1847, 39331, '15601-BZ030', 1),
(1848, 39331, '90430-GASKET', 1),
(1849, 39331, '5210', 1),
(1850, 39331, '08808-80060', 1),
(1851, 39331, '01088-FLUSH', 1),
(1852, 39331, '02088-INJCT', 1),
(1853, 28275, '08880-83576', 1),
(1854, 28275, '90915-YZZE1-82', 1),
(1855, 28275, '90430-GASKET', 1),
(1856, 28275, '01088-FLUSH', 1),
(1857, 19866, '23390-YZZA1-82', 1),
(1858, 19866, '90915-YZZD2-82', 1),
(1859, 14010, '08880-83576', 1),
(1860, 14010, '08880-83575', 2),
(1861, 14010, '90915-YZZD2-82', 1),
(1862, 14010, '90430-GASKET', 1),
(1863, 14010, '01088-INJCT', 1),
(1864, 14010, '08889-80090', 1),
(1865, 14010, '08889-80100', 1),
(1866, 42024, '01088-CABIN', 1),
(1867, 42024, '01088-INJDIS', 1),
(1868, 10458, '01088-INJDIS', 1),
(1869, 10458, '23390-0L070-82', 1),
(1870, 6458, '23390-YZZA1-82', 1),
(1871, 6458, '01088-INJDIS', 1),
(1872, 5452, '01088-BRAKE', 1),
(1873, 5452, '01088-INJDIS', 1),
(1874, 87629, '08880-83576', 1),
(1875, 87629, '15601-BZ030', 1),
(1876, 87629, '90430-GASKET', 1),
(1877, 87629, '02088-INJCT', 1),
(1878, 87629, '01088-BRAKE', 1),
(1879, 87629, '01088-CABIN', 1),
(1880, 6486, '08880-83576', 1),
(1881, 6486, '15601-BZ030', 1),
(1882, 6486, '90430-GASKET', 1),
(1883, 11433, '04465-0K431', 1),
(1884, 31740, '04495-BZ011', 1),
(1885, 54490, '08880-83576', 1),
(1886, 54490, '15601-BZ030', 1),
(1887, 54490, '90430-GASKET', 1),
(1888, 99729, '04465-YZZS1', 1),
(1889, 99729, '08808-80060', 3),
(1890, 99729, '08880-83576', 1),
(1891, 99729, '90915-YZZE1-82', 1),
(1892, 99729, '90430-GASKET', 1),
(1893, 91191, '08880-83576', 1),
(1894, 91191, '90915-YZZD2-82', 1),
(1895, 91191, '90430-GASKET', 1),
(1896, 91191, '08886-80705', 1);

-- --------------------------------------------------------

--
-- Struktur dari tabel `rincian_transaksi_masuk`
--

CREATE TABLE `rincian_transaksi_masuk` (
  `kode_rincian_masuk` int(11) NOT NULL,
  `kode_transaksi_masuk` int(11) DEFAULT NULL,
  `kode_part` varchar(45) DEFAULT NULL,
  `qty_masuk` int(11) DEFAULT NULL
) ENGINE=InnoDB DEFAULT CHARSET=utf8mb4;

--
-- Dumping data untuk tabel `rincian_transaksi_masuk`
--

INSERT INTO `rincian_transaksi_masuk` (`kode_rincian_masuk`, `kode_transaksi_masuk`, `kode_part`, `qty_masuk`) VALUES
(61, 70887, '01088-BRAKE', 40),
(62, 70887, '01088-CABIN', 20),
(63, 70887, '01088-FLUSH', 20),
(64, 70887, '01088-INJCT', 20),
(65, 70887, '01088-INJDIS', 15),
(66, 70887, '04152-YZZA1-82', 3),
(67, 70887, '04465-0K100', 5),
(68, 70887, '04465-0K431', 4),
(69, 70887, '04465-YZZS1', 2),
(70, 70887, '04491-BZ030', 3),
(71, 70887, '04495-BZ011', 3),
(72, 70887, '08808-80060', 12),
(73, 70887, '08823-80011', 24),
(74, 70887, '08880-83351', 12),
(75, 70887, '08880-83352', 12),
(76, 70887, '08880-83573', 6),
(77, 70887, '08880-83574', 4),
(78, 78010, '08880-83575', 12),
(79, 78010, '08880-83576', 40),
(80, 78010, '08880-83608', 6),
(81, 78010, '08880-83609', 4),
(82, 78010, '08885-80929', 12),
(83, 78010, '08885-80930', 24),
(84, 78010, '08885-81300', 12),
(85, 78010, '08885-81310', 12),
(86, 78010, '08886-80705', 4),
(87, 78010, '08886-81440', 1),
(88, 78010, '08886-81620', 1),
(89, 78010, '08886-81813', 12),
(90, 78010, '08889-80090', 4),
(91, 78010, '08889-80100', 6),
(92, 78010, '12157-10010', 20),
(93, 78010, '15601-BZ030', 20),
(94, 78010, '15601-YZZT1', 15),
(95, 78010, '16401-72090', 2),
(96, 78010, '17801-BZ050', 5),
(97, 78010, '17801-BZ100', 2),
(98, 78010, '23390-0L070-82', 5),
(99, 78010, '23390-YZZA1-82', 5),
(100, 99736, '27415-0L030', 1),
(101, 99736, '31210-BZ021', 2),
(102, 99736, '31230-BZ060', 2),
(103, 99736, '31250-BZ130', 2),
(104, 99736, '85212-BZ210', 8),
(105, 99736, '85220-YZZD4', 4),
(106, 99736, '85222-BZ010', 4),
(107, 99736, '85222-BZ220', 8),
(108, 99736, '87139-06080-82', 4),
(109, 99736, '87139-0K030', 2),
(110, 99736, '88568-BZ040', 4),
(111, 99736, '88568-BZ050', 4),
(112, 99736, '90049-51125', 1),
(113, 99736, '90049-51185', 1),
(114, 99736, '9004A-91016', 8),
(115, 99736, '9004A-91032', 12),
(116, 99736, '9004A-91065', 9),
(117, 99736, '90430-GASKET', 60),
(118, 99736, '90430-GEAR-A', 20),
(119, 75621, '90430-GEAR-B', 20),
(120, 75621, '90915-YZZD2-82', 15),
(121, 75621, '90915-YZZE1-82', 10),
(122, 75621, '90915-YZZZ1', 5),
(123, 75621, '90919-T1002', 8),
(124, 75621, '90919-T1004', 12),
(125, 75621, '99132-21230-76', 4),
(126, 79094, '01088-BRAKE', 30),
(127, 79094, '01088-CABIN', 20),
(128, 79094, '01088-FLUSH', 20),
(129, 79094, '01088-INJCT', 10),
(130, 79094, '04152-YZZA1-82', 1),
(131, 79094, '04465-0K100', 3),
(132, 79094, '04465-0K431', 2),
(133, 79094, '04495-BZ111', 1),
(134, 79094, '08808-80060', 6),
(135, 79094, '08823-80011', 12),
(136, 79094, '08880-83351', 12),
(137, 79094, '08880-83352', 24),
(138, 79094, '08880-83575', 24),
(139, 79094, '08880-83576', 32),
(140, 79094, '08885-80929', 24),
(141, 79094, '08885-80930', 24),
(142, 79094, '08885-81300', 12),
(143, 79094, '08885-81310', 6),
(144, 79094, '08886-81813', 12),
(145, 79094, '08889-80090', 4),
(146, 79094, '15601-BZ030', 20),
(147, 79094, '15601-YZZT1', 15),
(148, 79094, '15601-YZZT1', 15),
(149, 79094, '17801-BZ050', 5),
(150, 79094, '23390-0L070-82', 5),
(151, 79094, '23390-YZZA1-82', 5),
(152, 7483, '31210-BZ021', 2),
(153, 7483, '31250-BZ130', 2),
(154, 7483, '31230-BZ060', 2),
(155, 7483, '5210', 40),
(156, 7483, '85212-BZ210', 4),
(157, 7483, '85222-BZ010', 4),
(158, 7483, '87139-06080-82', 2),
(159, 7483, '87139-0K030', 2),
(160, 7483, '88568-BZ040', 5),
(161, 7483, '9004A-91032', 12),
(162, 7483, '9004A-91065', 3),
(163, 7483, '90430-GASKET', 50),
(164, 7483, '90430-GEAR-A', 20),
(165, 7483, '99132-21230-76', 5),
(166, 27895, '01088-BRAKE', 20),
(167, 27895, '01088-CABIN', 20),
(168, 27895, '01088-FLUSH', 10),
(169, 27895, '01088-INJCT', 10),
(170, 27895, '01088-INJDIS', 5),
(171, 27895, '04465-0K100', 4),
(172, 27895, '04465-0K431', 4),
(173, 27895, '08808-80060', 12),
(174, 27895, '08823-80011', 12),
(175, 27895, '08880-83576', 32),
(176, 27895, '08880-83575', 12),
(177, 27895, '12157-10010', 20),
(178, 27895, '08885-80929', 12),
(179, 27895, '08885-80930', 12),
(180, 27895, '08885-81300', 12),
(181, 27895, '08885-81310', 12),
(182, 27895, '17801-BZ050', 5),
(183, 27895, '23390-0L070-82', 5),
(184, 27895, '23390-YZZA1-82', 1),
(185, 27895, '31210-BZ021', 2),
(186, 27895, '31230-BZ060', 2),
(187, 27895, '31250-BZ130', 2),
(188, 27895, '90430-GASKET', 40),
(189, 27895, '90430-GEAR-A', 20),
(190, 27895, '90430-GEAR-B', 20),
(191, 27895, '90915-YZZD2-82', 10),
(192, 27895, '90919-T1004', 12),
(193, 27895, '99132-21230-76', 2),
(194, 84613, '01088-BRAKE', 40),
(195, 84613, '01088-CABIN', 25),
(196, 84613, '01088-FLUSH', 25),
(197, 84613, '01088-INJDIS', 5),
(198, 84613, '02088-INJCT', 15),
(199, 84613, '04465-0K100', 4),
(200, 84613, '04465-0K431', 3),
(201, 84613, '08808-80060', 10),
(202, 84613, '08823-80011', 12),
(203, 84613, '08880-83351', 18),
(204, 84613, '08880-83352', 18),
(205, 84613, '08880-83575', 24),
(206, 84613, '08880-83576', 32),
(207, 84613, '08885-80929', 24),
(208, 84613, '08885-80930', 24),
(209, 84613, '08885-81300', 12),
(210, 84613, '08885-81310', 4),
(211, 84613, '12157-10010', 30),
(212, 84613, '15601-BZ030', 20),
(213, 84613, '15601-YZZT1', 15),
(214, 84613, '23390-0L070-82', 3),
(215, 84613, '27415-0L030', 4),
(216, 84613, '31230-BZ060', 3),
(217, 84613, '31210-BZ021', 3),
(218, 84613, '31250-BZ130', 3),
(219, 84613, '87139-06080-82', 1),
(220, 84613, '88568-BZ040', 1),
(221, 84613, '9004A-91016', 4),
(222, 84613, '9004A-91032', 20),
(223, 84613, '9004A-91065', 3),
(224, 84613, '90430-GASKET', 50),
(225, 84613, '90430-GEAR-A', 10),
(226, 84613, '90430-GEAR-B', 6),
(227, 84613, '90915-YZZD2-82', 20),
(228, 84613, '90915-YZZZ1', 4),
(229, 84613, '90919-T1002', 8),
(230, 84613, '90919-T1004', 4),
(231, 84613, '99132-21230-76', 2),
(232, 39602, '01088-BRAKE', 30),
(233, 39602, '01088-CABIN', 30),
(234, 39602, '01088-FLUSH', 30),
(235, 39602, '01088-INJCT', 20),
(236, 39602, '01088-INJDIS', 10),
(237, 39602, '02088-INJCT', 30),
(238, 39602, '04465-0K100', 5),
(239, 39602, '04465-0K431', 5),
(240, 39602, '04465-BZ170', 8),
(241, 39602, '08808-80060', 24),
(242, 39602, '08823-80011', 24),
(243, 39602, '04495-BZ111', 2),
(244, 39602, '04495-BZ111', 2),
(245, 39602, '08880-83351', 18),
(246, 39602, '08880-83352', 18),
(247, 39602, '08880-83575', 24),
(248, 39602, '08880-83576', 44),
(249, 39602, '08880-83609', 2),
(250, 39602, '08885-80929', 24),
(251, 39602, '08885-80930', 30),
(252, 39602, '08885-81300', 12),
(253, 39602, '08885-81310', 6),
(254, 39602, '08886-80705', 2),
(255, 39602, '08886-81620', 1),
(256, 39602, '08886-81813', 6),
(257, 39602, '08889-80090', 2),
(258, 39602, '08889-80100', 3),
(259, 39602, '12157-10010', 30),
(260, 39602, '15601-BZ030', 20),
(261, 39602, '15601-YZZT1', 15),
(262, 39602, '17801-BZ050', 3),
(263, 39602, '23390-0L070-82', 4),
(264, 39602, '23390-YZZA1-82', 6),
(265, 39602, '31210-BZ021', 3),
(266, 39602, '31230-BZ060', 3),
(267, 39602, '31250-BZ130', 3),
(268, 39602, '5210', 25),
(269, 39602, '85212-BZ210', 8),
(270, 39602, '85222-BZ220', 8),
(271, 39602, '87139-06080-82', 1),
(272, 39602, '88568-BZ040', 2),
(273, 39602, '88568-BZ050', 2),
(274, 39602, '90049-51130', 2),
(275, 39602, '9004A-91065', 6),
(276, 39602, '90430-GASKET', 60),
(277, 39602, '90430-GEAR-A', 16),
(278, 39602, '90430-GEAR-B', 8),
(279, 39602, '90915-YZZD2-82', 20),
(280, 39602, '90915-YZZE1-82', 6),
(281, 39602, '90919-T1002', 8),
(282, 39602, '90919-T1004', 8),
(283, 39602, '99132-12050', 4),
(284, 39602, '99132-21230-76', 7);

-- --------------------------------------------------------

--
-- Struktur dari tabel `supplier`
--

CREATE TABLE `supplier` (
  `kode_supplier` int(11) NOT NULL,
  `nama_supplier` varchar(45) DEFAULT NULL,
  `alamat_supplier` varchar(45) DEFAULT NULL,
  `no_tlp` varchar(45) DEFAULT NULL,
  `email` varchar(50) DEFAULT NULL
) ENGINE=InnoDB DEFAULT CHARSET=utf8mb4;

--
-- Dumping data untuk tabel `supplier`
--

INSERT INTO `supplier` (`kode_supplier`, `nama_supplier`, `alamat_supplier`, `no_tlp`, `email`) VALUES
(672, 'PART NASMOCO MAGELANG', 'Jalan Magelang Jogja Km 05 Mertoyudan Magelan', '326871', 'partmagelang@gmail.com');

-- --------------------------------------------------------

--
-- Struktur dari tabel `transaksi_keluar`
--

CREATE TABLE `transaksi_keluar` (
  `kode_transaksi_keluar` int(11) NOT NULL,
  `tgl_transaksi_keluar` date DEFAULT NULL,
  `kode_pelanggan` int(11) DEFAULT NULL,
  `kode_karyawan` int(11) DEFAULT NULL
) ENGINE=InnoDB DEFAULT CHARSET=utf8mb4;

--
-- Dumping data untuk tabel `transaksi_keluar`
--

INSERT INTO `transaksi_keluar` (`kode_transaksi_keluar`, `tgl_transaksi_keluar`, `kode_pelanggan`, `kode_karyawan`) VALUES
(282, '2020-09-17', 80937, 4),
(298, '2020-11-09', 29667, 4),
(434, '2020-12-17', 8394, 4),
(506, '2020-10-10', 25116, 4),
(753, '2020-12-22', 11578, 4),
(1376, '2020-12-16', 57401, 4),
(1951, '2020-11-25', 31667, 4),
(2200, '2020-10-07', 9657, 4),
(2610, '2020-09-19', 89218, 4),
(2761, '2020-09-21', 2210, 4),
(3654, '2020-12-22', 99688, 4),
(4922, '2020-10-02', 11112, 4),
(4977, '2020-09-11', 21, 4),
(5148, '2020-11-02', 10, 4),
(5452, '2020-12-29', 70762, 4),
(5936, '2020-12-18', 40225, 4),
(6050, '2020-11-05', 43673, 4),
(6458, '2020-12-28', 83911, 4),
(6486, '2020-12-30', 37131, 4),
(7029, '2020-09-03', 14322, 4),
(7148, '2020-11-28', 37099, 4),
(7452, '2020-09-10', 15, 4),
(7830, '2020-10-14', 4828, 4),
(7842, '2020-10-27', 7459, 4),
(8406, '2020-11-12', 3308, 4),
(8444, '2020-10-13', 99714, 4),
(8874, '2020-10-06', 24511, 4),
(9113, '2020-12-02', 53002, 4),
(9475, '2020-12-21', 65469, 4),
(9995, '2020-11-25', 94793, 4),
(10458, '2020-12-28', 18477, 4),
(10609, '2020-11-21', 93480, 4),
(10644, '2020-10-26', 89734, 4),
(10652, '2020-10-19', 20476, 4),
(11004, '2020-09-25', 23, 4),
(11173, '2020-12-23', 67735, 4),
(11204, '2020-12-02', 83081, 4),
(11416, '2020-11-07', 57605, 4),
(11433, '2020-12-30', 74504, 4),
(11652, '2020-11-09', 55970, 4),
(12831, '2020-10-13', 93266, 4),
(13346, '2020-09-05', 56607, 4),
(13670, '2020-11-12', 37644, 4),
(13794, '2020-10-19', 22256, 4),
(14010, '2020-12-28', 1319, 4),
(14540, '2020-09-12', 22, 4),
(14575, '2020-10-22', 36010, 4),
(14819, '2020-12-12', 84900, 4),
(15576, '2020-10-14', 68650, 4),
(15590, '2020-12-08', 21470, 4),
(15756, '2020-09-03', 61721, 4),
(15911, '2020-12-04', 93693, 4),
(16550, '2020-12-01', 86796, 4),
(16696, '2020-10-26', 84310, 4),
(16825, '2020-10-27', 51335, 4),
(17537, '2020-12-14', 2654, 4),
(18096, '2020-09-05', 11811, 4),
(18753, '2020-10-23', 30448, 4),
(19049, '2020-09-09', 76532, 4),
(19866, '2020-12-28', 61558, 4),
(19877, '2020-11-07', 82737, 4),
(20220, '2020-10-12', 77967, 4),
(20424, '2020-10-10', 2228, 4),
(20711, '2020-11-27', 72490, 4),
(20843, '2020-11-27', 26648, 4),
(21305, '2020-11-12', 30659, 4),
(21623, '2020-12-15', 10, 4),
(21643, '2020-12-14', 5774, 4),
(21826, '2020-12-17', 92494, 4),
(22111, '2020-11-20', 55042, 4),
(23013, '2020-09-03', 23458, 4),
(23202, '2020-09-06', 76207, 4),
(23519, '2020-12-09', 58358, 4),
(24060, '2020-12-12', 88404, 4),
(24422, '2020-09-03', 38398, 4),
(24509, '2020-10-03', 93142, 4),
(24977, '2020-09-01', 12887, 4),
(25183, '2020-12-21', 93625, 4),
(25191, '2020-10-06', 29952, 4),
(25387, '2020-11-23', 28704, 4),
(26142, '2020-11-21', 124, 4),
(26681, '2020-09-06', 28056, 4),
(26928, '2020-12-16', 17649, 4),
(27143, '2020-09-10', 44875, 4),
(27262, '2020-11-18', 1041, 4),
(27582, '2020-11-13', 49514, 4),
(28275, '2020-12-28', 83484, 4),
(28367, '2020-09-09', 11, 4),
(28406, '2020-12-10', 8353, 4),
(28884, '2020-11-17', 8729, 4),
(29128, '2020-12-21', 48910, 4),
(29515, '2020-09-08', 70174, 4),
(30151, '2020-09-10', 12, 4),
(31125, '2020-12-21', 41889, 4),
(31181, '2020-12-23', 75346, 4),
(31394, '2020-12-21', 22881, 4),
(31552, '2020-10-24', 61722, 4),
(31664, '2020-12-17', 52418, 4),
(31678, '2020-11-11', 51484, 4),
(31740, '2020-12-30', 5324, 4),
(32052, '2020-12-14', 38278, 4),
(32254, '2020-09-02', 73822, 4),
(34136, '2020-09-10', 13, 4),
(34200, '2020-12-03', 96236, 5),
(34272, '2020-10-06', 71692, 4),
(34477, '2020-11-03', 77271, 4),
(34502, '2020-09-06', 93912, 4),
(35090, '2020-09-22', 60810, 4),
(35642, '2020-11-14', 69726, 4),
(36304, '2020-09-16', 42340, 4),
(36382, '2020-12-08', 86805, 4),
(36486, '2020-09-16', 76095, 4),
(38087, '2020-09-09', 46289, 4),
(38246, '2020-12-16', 5324, 4),
(38337, '2020-11-10', 35538, 4),
(38535, '2020-10-05', 71729, 4),
(39276, '2020-10-23', 61722, 4),
(39331, '2020-12-23', 83548, 4),
(39623, '2020-12-17', 152, 4),
(39813, '2020-10-09', 74813, 4),
(40011, '2020-11-11', 98210, 4),
(40162, '2020-12-11', 35651, 4),
(40297, '2020-11-09', 70672, 4),
(40748, '2020-11-18', 13494, 4),
(40759, '2020-12-05', 98858, 4),
(41082, '2020-09-21', 58263, 4),
(41204, '2020-09-30', 44875, 4),
(41715, '2020-11-19', 49917, 4),
(42024, '2020-12-28', 20227, 4),
(43017, '2020-09-10', 14, 4),
(43230, '2020-12-12', 60710, 4),
(43310, '2020-09-01', 34128, 4),
(43419, '2020-09-14', 26, 4),
(43524, '2020-09-14', 24, 4),
(43746, '2020-09-23', 37965, 4),
(43819, '2020-09-03', 92353, 4),
(45319, '2020-12-04', 93773, 4),
(45823, '2020-09-02', 84510, 4),
(45826, '2020-10-10', 24936, 4),
(45908, '2020-12-09', 28226, 4),
(46083, '2020-10-16', 1520, 4),
(46529, '2020-10-27', 35222, 4),
(46792, '2020-09-01', 83306, 4),
(47036, '2020-11-11', 13766, 4),
(47199, '2020-11-02', 91148, 4),
(47542, '2020-10-19', 72591, 4),
(47866, '2020-11-12', 40381, 4),
(48869, '2020-10-03', 17977, 4),
(49458, '2020-11-09', 35538, 4),
(49915, '2020-10-13', 74207, 4),
(50820, '2020-11-03', 12, 4),
(51067, '2020-11-18', 97223, 4),
(51725, '2020-10-08', 65089, 4),
(52798, '2020-12-07', 32864, 4),
(52934, '2020-10-30', 35043, 4),
(53243, '2020-10-07', 85985, 4),
(53626, '2020-09-10', 16, 4),
(53669, '2020-10-01', 99611, 4),
(53814, '2020-10-06', 26744, 4),
(53870, '2020-11-10', 17025, 4),
(54132, '2020-12-22', 83275, 4),
(54260, '2020-09-06', 27469, 4),
(54490, '2020-12-30', 76287, 4),
(54711, '2020-12-15', 79871, 4),
(54714, '2020-12-19', 89561, 4),
(54811, '2020-10-17', 1520, 4),
(55726, '2020-09-26', 24, 4),
(56113, '2020-10-07', 5831, 4),
(56316, '2020-11-13', 95873, 4),
(56335, '2020-12-05', 54738, 4),
(56841, '2020-09-24', 91728, 4),
(57553, '2020-09-09', 7939, 4),
(57605, '2020-09-04', 50565, 4),
(57987, '2020-10-27', 36026, 4),
(58222, '2020-09-01', 60156, 4),
(58682, '2020-12-17', 24790, 4),
(58755, '2020-09-08', 21109, 4),
(58882, '2020-12-05', 41473, 4),
(59474, '2020-09-02', 57246, 4),
(60313, '2020-09-07', 79628, 4),
(60589, '2020-12-15', 59282, 4),
(61122, '2020-11-27', 69014, 4),
(62191, '2020-09-04', 71634, 4),
(63551, '2020-12-15', 12939, 4),
(63723, '2020-10-29', 57605, 4),
(63737, '2020-12-07', 58461, 4),
(65258, '2020-11-18', 34114, 4),
(66393, '2020-11-30', 23091, 4),
(66645, '2020-10-24', 1096, 4),
(66982, '2020-11-20', 9111, 4),
(67273, '2020-11-03', 25197, 4),
(68145, '2020-09-04', 18465, 4),
(68340, '2020-10-21', 32382, 4),
(68500, '2020-09-11', 18, 4),
(69321, '2020-12-17', 72411, 4),
(69335, '2020-10-22', 35793, 4),
(70354, '2020-11-04', 82302, 4),
(70363, '2020-12-08', 75959, 4),
(70674, '2020-12-01', 19178, 4),
(70823, '2020-09-09', 10, 4),
(71395, '2020-10-12', 50702, 4),
(71516, '2020-12-16', 91266, 4),
(71704, '2020-12-11', 50083, 4),
(72006, '2020-11-24', 78971, 4),
(72046, '2020-10-24', 11236, 4),
(72474, '2020-10-13', 23091, 4),
(73042, '2020-11-01', 1400, 4),
(73745, '2020-10-23', 85715, 4),
(74228, '2020-09-18', 89934, 4),
(74254, '2020-09-29', 76095, 4),
(74512, '2020-11-24', 68650, 4),
(74658, '2020-09-14', 25, 4),
(74920, '2020-12-19', 55756, 4),
(74999, '2020-10-13', 68650, 4),
(75792, '2020-11-04', 15366, 4),
(76128, '2020-12-17', 35878, 4),
(77184, '2020-09-28', 4828, 4),
(77274, '2020-12-17', 39306, 4),
(77312, '2020-11-10', 91687, 4),
(77392, '2020-10-27', 80136, 4),
(77823, '2020-09-08', 37717, 4),
(78165, '2020-12-10', 50143, 4),
(78376, '2020-10-31', 11112, 4),
(78418, '2020-12-16', 5799, 4),
(78735, '2020-10-15', 37712, 4),
(78810, '2020-11-28', 18168, 4),
(79608, '2020-09-14', 15, 4),
(79789, '2020-12-21', 10186, 4),
(80571, '2020-09-18', 50537, 4),
(81126, '2020-09-12', 23, 4),
(81169, '2020-10-20', 71918, 4),
(81361, '2020-12-16', 95109, 4),
(81698, '2020-09-07', 96967, 4),
(82731, '2020-11-30', 9111, 4),
(83135, '2020-10-07', 18168, 4),
(83420, '2020-11-05', 5998, 4),
(83590, '2020-11-16', 51821, 4),
(83684, '2020-09-09', 1376, 4),
(83780, '2020-12-04', 265, 4),
(84226, '2020-12-23', 22930, 4),
(84313, '2020-12-11', 87437, 4),
(85250, '2020-09-11', 63140, 4),
(85650, '2020-11-09', 56026, 4),
(86190, '2020-12-05', 54738, 4),
(86501, '2020-11-30', 36315, 4),
(86829, '2020-09-06', 87194, 4),
(86955, '2020-12-07', 67882, 4),
(86965, '2020-10-27', 65066, 4),
(86981, '2020-12-14', 95377, 4),
(87294, '2020-11-09', 6101, 4),
(87579, '2020-09-15', 84942, 4),
(87629, '2020-12-29', 6101, 4),
(88429, '2020-10-01', 74054, 4),
(88602, '2020-11-26', 95043, 4),
(89372, '2020-11-17', 68799, 4),
(89669, '2020-11-02', 26533, 4),
(90336, '2020-09-02', 80954, 4),
(90565, '2020-10-27', 91735, 4),
(91084, '2020-10-05', 35494, 4),
(91105, '2020-12-09', 29761, 4),
(91191, '2020-12-31', 91242, 4),
(91313, '2020-10-05', 49461, 4),
(91501, '2020-10-02', 90006, 4),
(91711, '2020-12-01', 35508, 4),
(93384, '2020-10-24', 78971, 4),
(93984, '2020-10-21', 35793, 4),
(95012, '2020-12-10', 14102, 4),
(96143, '2020-12-04', 66501, 4),
(96487, '2020-09-15', 89723, 4),
(96785, '2020-09-05', 24842, 4),
(97774, '2020-11-16', 80681, 4),
(97991, '2020-12-02', 52659, 4),
(98711, '2020-10-13', 29721, 4),
(99098, '2020-09-01', 48252, 4),
(99190, '2020-11-16', 82476, 4),
(99599, '2020-12-08', 99970, 4),
(99653, '2020-11-06', 25116, 4),
(99729, '2020-12-31', 15514, 4),
(458100, '2020-09-07', 97086, 4);

-- --------------------------------------------------------

--
-- Struktur dari tabel `transaksi_masuk`
--

CREATE TABLE `transaksi_masuk` (
  `kode_transaksi_masuk` int(11) NOT NULL,
  `tgl_transaksi_masuk` date DEFAULT NULL,
  `kode_supplier` int(11) DEFAULT NULL,
  `kode_karyawan` int(11) DEFAULT NULL
) ENGINE=InnoDB DEFAULT CHARSET=utf8mb4;

--
-- Dumping data untuk tabel `transaksi_masuk`
--

INSERT INTO `transaksi_masuk` (`kode_transaksi_masuk`, `tgl_transaksi_masuk`, `kode_supplier`, `kode_karyawan`) VALUES
(7483, '2020-10-12', 672, 1),
(27895, '2020-11-01', 672, 1),
(39602, '2021-01-05', 672, 1),
(70887, '2020-09-01', 672, 1),
(75621, '2020-09-21', 672, 1),
(78010, '2020-09-07', 672, 1),
(79094, '2020-10-01', 672, 1),
(84613, '2020-12-01', 672, 1),
(99736, '2020-09-14', 672, 1);

--
-- Indexes for dumped tables
--

--
-- Indeks untuk tabel `forcasting`
--
ALTER TABLE `forcasting`
  ADD PRIMARY KEY (`id`);

--
-- Indeks untuk tabel `karyawan`
--
ALTER TABLE `karyawan`
  ADD PRIMARY KEY (`kode_karyawan`);

--
-- Indeks untuk tabel `part`
--
ALTER TABLE `part`
  ADD PRIMARY KEY (`kode_part`);

--
-- Indeks untuk tabel `pelanggan`
--
ALTER TABLE `pelanggan`
  ADD PRIMARY KEY (`kode_pelanggan`);

--
-- Indeks untuk tabel `rincian_transaksi_keluar`
--
ALTER TABLE `rincian_transaksi_keluar`
  ADD PRIMARY KEY (`kode_rincian_keluar`),
  ADD KEY `transaksi_keluar_fk` (`kode_transaksi_keluar`),
  ADD KEY `part_fk1` (`kode_part`);

--
-- Indeks untuk tabel `rincian_transaksi_masuk`
--
ALTER TABLE `rincian_transaksi_masuk`
  ADD PRIMARY KEY (`kode_rincian_masuk`),
  ADD KEY `transaksi_masuk_fk` (`kode_transaksi_masuk`),
  ADD KEY `part_fk2` (`kode_part`);

--
-- Indeks untuk tabel `supplier`
--
ALTER TABLE `supplier`
  ADD PRIMARY KEY (`kode_supplier`);

--
-- Indeks untuk tabel `transaksi_keluar`
--
ALTER TABLE `transaksi_keluar`
  ADD PRIMARY KEY (`kode_transaksi_keluar`),
  ADD KEY `karyawan_fk1` (`kode_karyawan`),
  ADD KEY `pelanggan_fk` (`kode_pelanggan`);

--
-- Indeks untuk tabel `transaksi_masuk`
--
ALTER TABLE `transaksi_masuk`
  ADD PRIMARY KEY (`kode_transaksi_masuk`),
  ADD KEY `karyawan_fk2` (`kode_karyawan`),
  ADD KEY `supplier_fk` (`kode_supplier`);

--
-- AUTO_INCREMENT untuk tabel yang dibuang
--

--
-- AUTO_INCREMENT untuk tabel `forcasting`
--
ALTER TABLE `forcasting`
  MODIFY `id` int(11) NOT NULL AUTO_INCREMENT, AUTO_INCREMENT=295;

--
-- AUTO_INCREMENT untuk tabel `karyawan`
--
ALTER TABLE `karyawan`
  MODIFY `kode_karyawan` int(11) NOT NULL AUTO_INCREMENT, AUTO_INCREMENT=631;

--
-- AUTO_INCREMENT untuk tabel `pelanggan`
--
ALTER TABLE `pelanggan`
  MODIFY `kode_pelanggan` int(11) NOT NULL AUTO_INCREMENT, AUTO_INCREMENT=99971;

--
-- AUTO_INCREMENT untuk tabel `rincian_transaksi_keluar`
--
ALTER TABLE `rincian_transaksi_keluar`
  MODIFY `kode_rincian_keluar` int(11) NOT NULL AUTO_INCREMENT, AUTO_INCREMENT=1897;

--
-- AUTO_INCREMENT untuk tabel `rincian_transaksi_masuk`
--
ALTER TABLE `rincian_transaksi_masuk`
  MODIFY `kode_rincian_masuk` int(11) NOT NULL AUTO_INCREMENT, AUTO_INCREMENT=285;

--
-- AUTO_INCREMENT untuk tabel `supplier`
--
ALTER TABLE `supplier`
  MODIFY `kode_supplier` int(11) NOT NULL AUTO_INCREMENT, AUTO_INCREMENT=742;

--
-- AUTO_INCREMENT untuk tabel `transaksi_keluar`
--
ALTER TABLE `transaksi_keluar`
  MODIFY `kode_transaksi_keluar` int(11) NOT NULL AUTO_INCREMENT, AUTO_INCREMENT=458101;

--
-- AUTO_INCREMENT untuk tabel `transaksi_masuk`
--
ALTER TABLE `transaksi_masuk`
  MODIFY `kode_transaksi_masuk` int(11) NOT NULL AUTO_INCREMENT, AUTO_INCREMENT=99737;

--
-- Ketidakleluasaan untuk tabel pelimpahan (Dumped Tables)
--

--
-- Ketidakleluasaan untuk tabel `rincian_transaksi_keluar`
--
ALTER TABLE `rincian_transaksi_keluar`
  ADD CONSTRAINT `part_fk1` FOREIGN KEY (`kode_part`) REFERENCES `part` (`kode_part`) ON DELETE NO ACTION ON UPDATE NO ACTION;

--
-- Ketidakleluasaan untuk tabel `rincian_transaksi_masuk`
--
ALTER TABLE `rincian_transaksi_masuk`
  ADD CONSTRAINT `part_fk2` FOREIGN KEY (`kode_part`) REFERENCES `part` (`kode_part`) ON DELETE NO ACTION ON UPDATE NO ACTION;

--
-- Ketidakleluasaan untuk tabel `transaksi_keluar`
--
ALTER TABLE `transaksi_keluar`
  ADD CONSTRAINT `karyawan_fk1` FOREIGN KEY (`kode_karyawan`) REFERENCES `karyawan` (`kode_karyawan`) ON DELETE NO ACTION ON UPDATE NO ACTION,
  ADD CONSTRAINT `pelanggan_fk` FOREIGN KEY (`kode_pelanggan`) REFERENCES `pelanggan` (`kode_pelanggan`) ON DELETE NO ACTION ON UPDATE NO ACTION;

--
-- Ketidakleluasaan untuk tabel `transaksi_masuk`
--
ALTER TABLE `transaksi_masuk`
  ADD CONSTRAINT `karyawan_fk2` FOREIGN KEY (`kode_karyawan`) REFERENCES `karyawan` (`kode_karyawan`) ON DELETE NO ACTION ON UPDATE NO ACTION,
  ADD CONSTRAINT `supplier_fk` FOREIGN KEY (`kode_supplier`) REFERENCES `supplier` (`kode_supplier`) ON DELETE NO ACTION ON UPDATE NO ACTION;
COMMIT;

/*!40101 SET CHARACTER_SET_CLIENT=@OLD_CHARACTER_SET_CLIENT */;
/*!40101 SET CHARACTER_SET_RESULTS=@OLD_CHARACTER_SET_RESULTS */;
/*!40101 SET COLLATION_CONNECTION=@OLD_COLLATION_CONNECTION */;
